# Entity Name,# Type,# Description,# Filename,# R,# G,# B,# 0 to ignore. 1 to include,# 0 for 2D. 1 to 3D,#Direction (1 to 8) for meshAdjustment,#Rotation (Degrees 0-360),#Direction (1 to 8) for rotationAdjustment,Connects to:
aai-big-ship-wreck-1,container,,,,,,,1,,,,
aai-big-ship-wreck-2,container,,,,,,,1,,,,
aai-big-ship-wreck-3,container,,,,,,,1,,,,
aai-medium-ship-wreck-1,container,,,,,,,1,,,,
aai-medium-ship-wreck-2,container,,,,,,,1,,,,
big-ship-wreck-1,container,,,,,,,1,,,,
big-ship-wreck-2,container,,,,,,,1,,,,
big-ship-wreck-3,container,,,,,,,1,,,,
crash-site-chest-1,container,,,,,,,1,,,,
crash-site-chest-2,container,,,,,,,1,,,,
crash-site-spaceship,container,,,,,,,1,,,,
crash-site-spaceship-wreck-big-1,container,,,,,,,1,,,,
crash-site-spaceship-wreck-big-2,container,,,,,,,1,,,,
crash-site-spaceship-wreck-medium-1,container,,,,,,,1,,,,
crash-site-spaceship-wreck-medium-2,container,,,,,,,1,,,,
crash-site-spaceship-wreck-medium-3,container,,,,,,,1,,,,
factorio-logo-11tiles,container,,,,,,,1,,,,
factorio-logo-16tiles,container,,,,,,,1,,,,
factorio-logo-22tiles,container,,,,,,,1,,,,
accumulator,accumulator,,accumulator.blend,150,150,200,1,1,,,,
se-space-accumulator,accumulator,,,,,,,1,,,,
se-space-accumulator-2,accumulator,,,,,,,1,,,,
se-spaceship-console,accumulator,,,,,,,1,,,,
gun-turret,ammo-turret,,gun-turret.blend,187,178,60,1,1,,,,
se-meteor-defence-container,ammo-turret,,,,,,,1,,,,
se-meteor-point-defence-container,ammo-turret,,,,,,,1,,,,
arithmetic-combinator,arithmetic-combinator,,,183,174,101,,1,,,,
artillery-turret,artillery-turret,,basic/2x2.blend,255,255,0,1,1,,,,
artillery-wagon,artillery-wagon,,wagon.blend,255,255,0,1,1,,,999,
assembling-machine-1,assembling-machine,,assembling-machine-1.blend,166,166,128,1,1,,,,
assembling-machine-2,assembling-machine,,assembling-machine-1.blend,53,68,82,1,1,,,,
assembling-machine-3,assembling-machine,,assembling-machine-1.blend,74,74,26,1,1,,,,
burner-assembling-machine,assembling-machine,,assembling-machine-1.blend,166,166,128,1,1,,,,
centrifuge,assembling-machine,,basic/3x3.blend,204,252,31,1,1,,,,
chemical-plant,assembling-machine,,basic/3x3.blend,255,154,47,1,1,,,,
fuel-processor,assembling-machine,,basic/3x3.blend,255,14,14,1,1,,,,
industrial-furnace,assembling-machine,,,,,,,1,,,,
oil-refinery,assembling-machine,,basic/5x5.blend,255,154,47,1,1,,,,
se-core-miner,assembling-machine,,,,,,,1,,,,
se-delivery-cannon,assembling-machine,,,,,,,1,,,,
se-delivery-cannon-weapon,assembling-machine,,,,,,,1,,,,
se-electric-boiler,assembling-machine,,,,,,,1,,,,
se-energy-transmitter-emitter,assembling-machine,,,,,,,1,,,,
se-energy-transmitter-injector,assembling-machine,,,,,,,1,,,,
se-fuel-refinery,assembling-machine,,,,,,,1,,,,
se-fuel-refinery-spaced,assembling-machine,,,,,,,1,,,,
se-gate-platform-scaffold,assembling-machine,,,,,,,1,,,,
se-lifesupport-facility,assembling-machine,,,,,,,1,,,,
se-nexus,assembling-machine,,,,,,,1,,,,
se-pulveriser,assembling-machine,,,,,,,1,,,,
se-recycling-facility,assembling-machine,,,,,,,1,,,,
se-space-assembling-machine,assembling-machine,,,,,,,1,,,,
se-space-assembling-machine-grounded,assembling-machine,,,,,,,1,,,,
se-space-astrometrics-laboratory,assembling-machine,,,,,,,1,,,,
se-space-biochemical-laboratory,assembling-machine,,,,,,,1,,,,
se-space-biochemical-laboratory-grounded,assembling-machine,,,,,,,1,,,,
se-space-decontamination-facility,assembling-machine,,,,,,,1,,,,
se-space-decontamination-facility-grounded,assembling-machine,,,,,,,1,,,,
se-space-electromagnetics-laboratory,assembling-machine,,,,,,,1,,,,
se-space-genetics-laboratory,assembling-machine,,,,,,,1,,,,
se-space-gravimetrics-laboratory,assembling-machine,,,,,,,1,,,,
se-space-growth-facility,assembling-machine,,,,,,,1,,,,
se-space-hypercooler,assembling-machine,,,,,,,1,,,,
se-space-hypercooler-grounded,assembling-machine,,,,,,,1,,,,
se-space-laser-laboratory,assembling-machine,,,,,,,1,,,,
se-space-laser-laboratory-grounded,assembling-machine,,,,,,,1,,,,
se-space-manufactory,assembling-machine,,,,,,,1,,,,
se-space-manufactory-grounded,assembling-machine,,,,,,,1,,,,
se-space-material-fabricator,assembling-machine,,,,,,,1,,,,
se-space-mechanical-laboratory,assembling-machine,,,,,,,1,,,,
se-space-mechanical-laboratory-grounded,assembling-machine,,,,,,,1,,,,
se-space-particle-accelerator,assembling-machine,,,,,,,1,,,,
se-space-particle-accelerator-grounded,assembling-machine,,,,,,,1,,,,
se-space-particle-collider,assembling-machine,,,,,,,1,,,,
se-space-plasma-generator,assembling-machine,,,,,,,1,,,,
se-space-radiation-laboratory,assembling-machine,,,,,,,1,,,,
se-space-radiation-laboratory-grounded,assembling-machine,,,,,,,1,,,,
se-space-radiator,assembling-machine,,,,,,,1,,,,
se-space-radiator-2,assembling-machine,,,,,,,1,,,,
se-space-radiator-2-grounded,assembling-machine,,,,,,,1,,,,
se-space-radiator-grounded,assembling-machine,,,,,,,1,,,,
se-space-supercomputer-1,assembling-machine,,,,,,,1,,,,
se-space-supercomputer-1-grounded,assembling-machine,,,,,,,1,,,,
se-space-supercomputer-2,assembling-machine,,,,,,,1,,,,
se-space-supercomputer-2-grounded,assembling-machine,,,,,,,1,,,,
se-space-supercomputer-3,assembling-machine,,,,,,,1,,,,
se-space-supercomputer-3-grounded,assembling-machine,,,,,,,1,,,,
se-space-supercomputer-4,assembling-machine,,,,,,,1,,,,
se-space-supercomputer-4-grounded,assembling-machine,,,,,,,1,,,,
se-space-telescope,assembling-machine,,,,,,,1,,,,
se-space-telescope-gammaray,assembling-machine,,,,,,,1,,,,
se-space-telescope-microwave,assembling-machine,,,,,,,1,,,,
se-space-telescope-radio,assembling-machine,,,,,,,1,,,,
se-space-telescope-xray,assembling-machine,,,,,,,1,,,,
se-space-thermodynamics-laboratory,assembling-machine,,,,,,,1,,,,
se-space-thermodynamics-laboratory-grounded,assembling-machine,,,,,,,1,,,,
beacon,beacon,,basic/3x3.blend,146,146,146,1,1,,,,
se-wide-beacon,beacon,,,,,,,1,,,,
se-wide-beacon-2,beacon,,,,,,,1,,,,
boiler,boiler,,basic/boiler.blend,,,,1,1,,,,
heat-exchanger,boiler,,basic/boiler.blend,,,,1,1,,,,
se-big-heat-exchanger,boiler,,,,,,,1,,,,
se-energy-transmitter-chamber,boiler,,,,,,,1,,,,
se-naquium-heat-pipe-long--+--,boiler,,,,,,,1,,,,
se-naquium-heat-pipe-long--+-----+--,boiler,,,,,,,1,,,,
burner-generator,burner-generator,,basic/generator.blend,,,,1,1,,,,
burner-turbine,burner-generator,,basic/3x3.blend,,,,1,1,,,,
car,car,,car.blend,,,,1,1,,,999,
hcraft-entity,car,,,,,,,1,,,999,
hovercraft-collision,car,,,,,,,1,,,999,
mcraft-entity,car,,,,,,,1,,,999,
se-rocket-launch-pad-_-seat,car,,,,,,,1,,,999,
se-rocket-launch-pad-_-section-input,car,,,,,,,1,,,999,
se-shield-projector-barrier,car,,,,,,,1,,,999,
se-space-capsule-_-vehicle,car,,,,,,,1,,,999,
tank,car,,,,,,1,1,,,999,
cargo-wagon,cargo-wagon,,wagon.blend,,,,1,1,,,999,
ct-construction-wagon,cargo-wagon,,wagon.blend,,,,1,1,,,999,
character,character,,,,,,,1,,,,
character-jetpack,character,,,,,,,1,,,,
farl_player,character,,,,,,,1,,,,
farl_player-jetpack,character,,,,,,,1,,,,
fatcontroller,character,,,,,,,1,,,,
fatcontroller-jetpack,character,,,,,,,1,,,,
character-corpse,character-corpse,,,,,,,1,,,,
defender,combat-robot,,basic/construction-robot.blend,,,,1,1,,,,
destroyer,combat-robot,,basic/construction-robot.blend,,,,1,1,,,,
distractor,combat-robot,,basic/construction-robot.blend,,,,1,1,,,,
constant-combinator,constant-combinator,,,,,,,1,,,,
ghost-scanner,constant-combinator,,,,,,,1,,,,
math-allInOne,constant-combinator,,,,,,,1,,,,
switchbutton,constant-combinator,,,,,,,1,,,,
construction-robot,construction-robot,,basic/construction-robot.blend,,,,1,1,,,,
aai-storehouse,container,,,,,,,1,,,,
aai-strongbox,container,,,,,,,1,,,,
aai-warehouse,container,,,,,,,1,,,,
blue-chest,container,,logistics-chest.blend,,,,1,1,,,,
blueprint-deployer,container,,basic/box.blend,,,,1,1,,,,
iron-chest,container,,basic/box.blend,,,,1,1,,,,
iron-wood-chest,container,,basic/box.blend,,,,1,1,,,,
red-chest,container,,logistics-chest.blend,,,,1,1,,,,
se-cargo-rocket-cargo-pod,container,,,,,,,1,,,,
se-cartouche-chest,container,,,,,,,1,,,,
se-delivery-cannon-chest,container,,,,,,,1,,,,
se-rocket-landing-pad,container,,,,,,,1,,,,
se-rocket-launch-pad,container,,,,,,,1,,,,
signpost-display,container,,,,,,,1,,,,
steel-chest,container,,steel-chest.blend,,,,1,1,,,,
wooden-chest,container,,wooden-chest.blend,,,,1,1,,,,
curved-rail,curved-rail,,curved-rail-a.blend,,,,1,1,,,,
curved-rail,curved-rail,,curved-rail-b.blend,,,,1,1,0.2.4.6,,,
se-space-curved-rail,curved-rail,,,,,,,1,,,,
decider-combinator,decider-combinator,,,,,,,1,,,,
big-electric-pole,electric-pole,,big-electric-pole.blend,,,,1,1,,,,
debug-substation,electric-pole,,,,,,,1,,,,
medium-electric-pole,electric-pole,,old-medium-pole.blend,,,,1,1,,,,
se-addon-power-pole,electric-pole,,,,,,,1,,,,
se-pylon,electric-pole,,,,,,,1,,,,
se-pylon-construction,electric-pole,,,,,,,1,,,,
se-pylon-construction-radar,electric-pole,,,,,,,1,,,,
se-pylon-substation,electric-pole,,,,,,,1,,,,
small-electric-pole,electric-pole,,basic/electric-pole.blend,,,,1,1,,,,
small-iron-electric-pole,electric-pole,,,,,,,1,,,,
substation,electric-pole,,basic/big-electric-pole.blend,,,,1,1,,,,
laser-turret,electric-turret,,laser-turret.blend,187,178,60,1,1,,,,
se-shield-projector,electric-turret,,,,,,,1,,,,
entity-ghost,entity-ghost,,,,,,,1,,,,
flamethrower-turret,fluid-turret,,basic/fluid-turret.blend,79,79,79,1,1,,,,
fluid-wagon,fluid-wagon,,wagon.blend,,,,1,1,,,999,
electric-furnace,furnace,,electric-furnace.blend,79,79,79,1,1,,,,
se-big-turbine,furnace,,,,,,,1,,,,
se-condenser-turbine,furnace,,,,,,,1,,,,
se-spaceship-antimatter-engine,furnace,,,,,,,1,,,,
se-spaceship-rocket-engine,furnace,,,,,,,1,,,,
steel-furnace,furnace,,stone-furnace.blend,79,79,79,1,1,,,,
stone-furnace,furnace,,stone-furnace.blend,79,79,79,1,1,,,,
gate,gate,,gate.blend,,,,1,1,,,,
se-spaceship-gate,gate,,,,,,,1,,,,
se-big-turbine-generator,generator,,,,,,,1,,,,
se-condenser-turbine-generator,generator,,,,,,,1,,,,
se-fluid-burner-generator,generator,,,,,,,1,,,,
steam-engine,generator,,basic/generator.blend,79,79,79,1,1,,,,
steam-turbine,generator,,basic/generator.blend,134,134,134,1,1,,,,
heat-interface,heat-interface,,basic/boiler.blend,,,,1,1,,,,
heat-pipe,heat-pipe,,,,,,,1,,,,
se-naquium-heat-pipe,heat-pipe,,,,,,,1,,,,
infinity-chest,infinity-container,,,,,,,1,,,,
infinity-pipe,infinity-pipe,,,,,,,1,,,,
burner-inserter,inserter,,inserter.blend,166,166,128,1,1,,,,
fast-inserter,inserter,,inserter.blend,85,124,140,1,1,,,,
filter-inserter,inserter,,inserter.blend,185,89,207,1,1,,,,
inserter,inserter,,inserter.blend,187,178,60,1,1,,,,
long-handed-inserter,inserter,,long-handed-inserter.blend,164,64,39,1,1,,,,
stack-filter-inserter,inserter,,inserter.blend,255,255,255,1,1,,,,
stack-inserter,inserter,,inserter.blend,94,137,55,1,1,,,,
burner-lab,lab,,basic/lab.blend,166,166,128,,1,,,,
lab,lab,,basic/lab.blend,79,79,79,1,1,,,,
se-space-science-lab,lab,,,,,,,1,,,,
nixie-tube,lamp,,,,,,,1,,,,
nixie-tube-alpha,lamp,,,,,,,1,,,,
nixie-tube-small,lamp,,,,,,,1,,,,
qwrt-lamp,lamp,,,,,,,1,,,,
small-lamp,lamp,,,,,,,1,,,,
land-mine,land-mine,,basic/tiny.blend,,,,1,1,,,,
linked-belt,linked-belt,,,,,,,1,,,,
linked-chest,linked-container,,,,,,,1,,,,
se-linked-container,linked-container,,,,,,,1,,,,
express-loader,loader,,,85,124,140,,1,,,,
fast-loader,loader,,,164,64,39,,1,,,,
loader,loader,,,,,,,1,,,,
loader-1x1,loader-1x1,,,,,,,1,,,,
farl,locomotive,,locomotive.blend,,,,1,1,,,999,
locomotive,locomotive,,locomotive.blend,,,,1,1,,,999,
aai-storehouse-active-provider,logistic-container,,,,,,,1,,,,
aai-storehouse-buffer,logistic-container,,,,,,,1,,,,
aai-storehouse-passive-provider,logistic-container,,,,,,,1,,,,
aai-storehouse-requester,logistic-container,,,,,,,1,,,,
aai-storehouse-storage,logistic-container,,,,,,,1,,,,
aai-strongbox-active-provider,logistic-container,,,,,,,1,,,,
aai-strongbox-buffer,logistic-container,,,,,,,1,,,,
aai-strongbox-passive-provider,logistic-container,,,,,,,1,,,,
aai-strongbox-requester,logistic-container,,,,,,,1,,,,
aai-strongbox-storage,logistic-container,,,,,,,1,,,,
aai-warehouse-active-provider,logistic-container,,,,,,,1,,,,
aai-warehouse-buffer,logistic-container,,,,,,,1,,,,
aai-warehouse-passive-provider,logistic-container,,,,,,,1,,,,
aai-warehouse-requester,logistic-container,,,,,,,1,,,,
aai-warehouse-storage,logistic-container,,,,,,,1,,,,
logistic-chest-active-provider,logistic-container,,logistics-chest.blend,,,,1,1,,,,
logistic-chest-buffer,logistic-container,,logistics-chest.blend,,,,1,1,,,,
logistic-chest-passive-provider,logistic-container,,logistics-chest.blend,,,,1,1,,,,
logistic-chest-requester,logistic-container,,logistics-chest.blend,,,,1,1,,,,
logistic-chest-storage,logistic-container,,logistics-chest.blend,,,,1,1,,,,
module_inserter_pickup,logistic-container,,,,,,,1,,,,
logistic-robot,logistic-robot,,basic/construction-robot.blend,,,,1,1,,,,
market,market,,,,,,,1,,,,
area-mining-drill,mining-drill,,electric-mining-drill.blend,,,,,1,,,,
burner-mining-drill,mining-drill,,basic/2x2.blend,,,,1,1,,,,
electric-mining-drill,mining-drill,,electric-mining-drill.blend,160,160,140,1,1,,,,
pumpjack,mining-drill,,,,,,1,1,,,,
se-core-miner-drill,mining-drill,,,,,,,1,,,,
offshore-pump,offshore-pump,,,,,,1,1,,,,
pipe,pipe,,,,,,0,1,,,,
pipe-connector,pipe-special-connector,,pipe-connector.blend,,,,1,1,,,,pipe
se-space-pipe,pipe,,,,,,,1,,,,
pipe-to-ground,pipe-to-ground,,basic/pipe-to-ground.blend,,,,1,1,,,,
se-space-pipe-to-ground,pipe-to-ground,,basic/pipe-to-ground.blend,,,,,1,,,,
power-switch,power-switch,,,,,,,1,,,,
programmable-speaker,programmable-speaker,,,,,,,1,,,,
se-delivery-cannon-settings,programmable-speaker,,,,,,,1,,,,
se-rocket-landing-pad-settings,programmable-speaker,,,,,,,1,,,,
se-rocket-launch-pad-settings,programmable-speaker,,,,,,,1,,,,
se-struct-settings-string,programmable-speaker,,,,,,,1,,,,
offshore-pump-output,pump,,,,,,,1,,,,
pump,pump,,,,,,1,1,,,,
radar,radar,,basic/3x3.blend,79,79,79,1,1,,,,
se-pylon-construction-radar-radar,radar,,,,,,,1,,,,
rail-chain-signal,rail-chain-signal,,basic/tiny.blend,,,,,1,,,,
rail-signal,rail-signal,,basic/tiny.blend,,,,,1,,,,
nuclear-reactor,reactor,,basic/nuclear-reactor.blend,204,252,31,1,1,,,,
se-antimatter-reactor,reactor,,,,,,,1,,,,
se-energy-receiver,reactor,,,,,,,1,,,,
se-energy-transmitter-injector-reactor,reactor,,,,,,,1,,,,
aai-signal-sender,roboport,,,,,,,1,,,,
roboport,roboport,,basic/3x3.blend,79,79,79,1,1,,,,
se-pylon-construction-radar-roboport,roboport,,,,,,,1,,,,
se-pylon-construction-roboport,roboport,,,,,,,1,,,,
se-supercharger,roboport,,,,,,,1,,,,
rocket-silo,rocket-silo,,basic/rocket-silo.blend,10,10,10,1,1,,,,
se-rocket-launch-pad-silo,rocket-silo,,,,,,,1,,,,
se-space-probe-rocket-silo,rocket-silo,,,,,,,1,,,,
rocket-silo-rocket,rocket-silo-rocket,,,,,,,1,,,,
se-cargo-rocket,rocket-silo-rocket,,,,,,,1,,,,
se-space-probe-rocket,rocket-silo-rocket,,,,,,,1,,,,
aai-small-ship-wreck,simple-entity,,,,,,,1,,,,
small-ship-wreck,simple-entity,,,,,,,1,,,,
crash-site-spaceship-wreck-small-1,simple-entity-with-owner,,,,,,,1,,,,
crash-site-spaceship-wreck-small-2,simple-entity-with-owner,,,,,,,1,,,,
crash-site-spaceship-wreck-small-3,simple-entity-with-owner,,,,,,,1,,,,
crash-site-spaceship-wreck-small-4,simple-entity-with-owner,,,,,,,1,,,,
crash-site-spaceship-wreck-small-5,simple-entity-with-owner,,,,,,,1,,,,
crash-site-spaceship-wreck-small-6,simple-entity-with-owner,,,,,,,1,,,,
se-space-solar-panel,solar-panel,,,,,,,1,,,,
se-space-solar-panel-2,solar-panel,,,,,,,1,,,,
se-space-solar-panel-3,solar-panel,,,,,,,1,,,,
solar-panel,solar-panel,,solar-panel.blend,0,0,255,1,1,,,,
se-burbulator-leg-1,spider-leg,,basic/tiny.blend,,,,1,1,,,,
se-burbulator-leg-3,spider-leg,,basic/tiny.blend,,,,1,1,,,,
se-burbulator-leg-4,spider-leg,,basic/tiny.blend,,,,1,1,,,,
se-burbulator-leg-5,spider-leg,,basic/tiny.blend,,,,1,1,,,,
se-burbulator-leg-7,spider-leg,,basic/tiny.blend,,,,1,1,,,,
se-burbulator-leg-8,spider-leg,,basic/tiny.blend,,,,1,1,,,,
spidertron-leg-1,spider-leg,,basic/tiny.blend,,,,1,1,,,,
spidertron-leg-2,spider-leg,,basic/tiny.blend,,,,1,1,,,,
spidertron-leg-3,spider-leg,,basic/tiny.blend,,,,1,1,,,,
spidertron-leg-4,spider-leg,,basic/tiny.blend,,,,1,1,,,,
spidertron-leg-5,spider-leg,,basic/tiny.blend,,,,1,1,,,,
spidertron-leg-6,spider-leg,,basic/tiny.blend,,,,1,1,,,,
spidertron-leg-7,spider-leg,,basic/tiny.blend,,,,1,1,,,,
spidertron-leg-8,spider-leg,,basic/tiny.blend,,,,1,1,,,,
se-burbulator,spider-vehicle,,basic/tiny.blend,,,,1,1,,,999,
spidertron,spider-vehicle,,basic/tiny.blend,,,,1,1,,,999,
express-splitter,splitter,,basic/splitter.blend,85,124,140,1,1,,,,
fast-splitter,splitter,,basic/splitter.blend,164,64,39,1,1,,,,
se-deep-space-splitter-black,splitter,,basic/splitter.blend,0,0,0,,1,,,,
se-deep-space-splitter-blue,splitter,,basic/splitter.blend,0,0,255,,1,,,,
se-deep-space-splitter-cyan,splitter,,basic/splitter.blend,0,255,255,,1,,,,
se-deep-space-splitter-green,splitter,,basic/splitter.blend,0,255,0,,1,,,,
se-deep-space-splitter-magenta,splitter,,basic/splitter.blend,255,0,255,,1,,,,
se-deep-space-splitter-red,splitter,,basic/splitter.blend,255,0,0,,1,,,,
se-deep-space-splitter-white,splitter,,basic/splitter.blend,255,255,255,,1,,,,
se-deep-space-splitter-yellow,splitter,,basic/splitter.blend,255,255,0,,1,,,,
se-space-splitter,splitter,,basic/splitter.blend,,,,,1,,,,
splitter,splitter,,basic/splitter.blend,187,178,60,1,1,,,,
check-valve,storage-tank,,,,,,,1,,,,
overflow-valve,storage-tank,,,,,,,1,,,,
pipe-elbow,storage-tank,,,,,,,1,,,,
pipe-junction,storage-tank,,,,,,,1,,,,
pipe-straight,storage-tank,,,,,,,1,,,,
se-big-turbine-tank,storage-tank,,,,,,,1,,,,
se-condenser-turbine-tank,storage-tank,,,,,,,1,,,,
se-gate-tank-input,storage-tank,,,,,,,1,,,,
se-gate-tank-output,storage-tank,,,,,,,1,,,,
se-rocket-launch-pad-tank,storage-tank,,,,,,,1,,,,
se-space-pipe-long-j-3,storage-tank,,,,,,,1,,,,
se-space-pipe-long-j-5,storage-tank,,,,,,,1,,,,
se-space-pipe-long-j-7,storage-tank,,,,,,,1,,,,
se-space-pipe-long-s-15,storage-tank,,,,,,,1,,,,
se-space-pipe-long-s-9,storage-tank,,,,,,,1,,,,
se-spaceship-antimatter-booster-tank,storage-tank,,,,,,,1,,,,
se-spaceship-rocket-booster-tank,storage-tank,,,,,,,1,,,,
signpost,storage-tank,,,,,,,1,,,,
storage-tank,storage-tank,,basic/2x2.blend,,,,1,1,,,,
underflow-valve,storage-tank,,,,,,,1,,,,
se-space-straight-rail,straight-rail,,,,,,,1,,,,
se-spaceship-clamp-place,straight-rail,,,,,,,1,,,,
straight-rail,straight-rail,,straight-rail.blend,79,79,79,1,1,,,,
straight-rail,straight-rail,,diagonal-rail.blend,,,,1,1,1.3.5.7,,,
logistic-train-stop,train-stop,,basic/tiny.blend,,,,1,1,,,,
train-stop,train-stop,,basic/tiny.blend,,,,1,1,,,,
express-transport-belt,transport-belt,,transport-belt.blend,85,124,140,1,1,,,,
fast-transport-belt,transport-belt,,transport-belt.blend,164,64,39,1,1,,,,
se-deep-space-transport-belt-black,transport-belt,,transport-belt.blend,0,0,0,,1,,,,
se-deep-space-transport-belt-blue,transport-belt,,transport-belt.blend,0,0,255,,1,,,,
se-deep-space-transport-belt-cyan,transport-belt,,transport-belt.blend,0,255,255,,1,,,,
se-deep-space-transport-belt-green,transport-belt,,transport-belt.blend,0,255,0,,1,,,,
se-deep-space-transport-belt-magenta,transport-belt,,transport-belt.blend,255,0,255,,1,,,,
se-deep-space-transport-belt-red,transport-belt,,transport-belt.blend,255,0,0,,1,,,,
se-deep-space-transport-belt-white,transport-belt,,transport-belt.blend,255,255,255,,1,,,,
se-deep-space-transport-belt-yellow,transport-belt,,transport-belt.blend,255,255,0,,1,,,,
se-space-transport-belt,transport-belt,,transport-belt.blend,,,,,1,,,,
transport-belt,transport-belt,,transport-belt.blend,187,178,60,1,1,,,,
express-underground-belt,underground-belt,,underground-belt.blend,85,124,140,1,1,,,,
fast-underground-belt,underground-belt,,underground-belt.blend,164,64,39,1,1,,,,
se-deep-space-underground-belt-black,underground-belt,,underground-belt.blend,0,0,0,,1,,,,
se-deep-space-underground-belt-blue,underground-belt,,underground-belt.blend,0,0,255,,1,,,,
se-deep-space-underground-belt-cyan,underground-belt,,underground-belt.blend,0,255,255,,1,,,,
se-deep-space-underground-belt-green,underground-belt,,underground-belt.blend,0,255,0,,1,,,,
se-deep-space-underground-belt-magenta,underground-belt,,underground-belt.blend,255,0,255,,1,,,,
se-deep-space-underground-belt-red,underground-belt,,underground-belt.blend,255,0,0,,1,,,,
se-deep-space-underground-belt-white,underground-belt,,underground-belt.blend,255,255,255,,1,,,,
se-deep-space-underground-belt-yellow,underground-belt,,underground-belt.blend,255,255,0,,1,,,,
se-space-underground-belt,underground-belt,,underground-belt.blend,,,,,1,,,,
underground-belt,underground-belt,,underground-belt.blend,187,178,60,1,1,,,,
biter-spawner,unit-spawner,,,,,,,1,,,,
spitter-spawner,unit-spawner,,,,,,,1,,,,
concrete-wall,wall,,wall.blend,,,,1,1,,,,
concrete-wall-ruin,wall,,wall.blend,,,,1,1,,,,
se-spaceship-wall,wall,,wall.blend,,,,1,1,,,,
steel-wall,wall,,wall.blend,,,,1,1,,,,
steel-wall-ruin,wall,,wall.blend,,,,1,1,,,,
stone-wall,wall,,wall.blend,,,,1,1,,,,
stone-wall-ruin,wall,,wall.blend,,,,1,1,,,,
wall-connector,wall-special-connector,,wall-connector.blend,,,,1,1,,,,concrete-wall.concrete-wall-ruin.se-spaceship-wall.steel-wall.steel-wall-ruin.stone-wall.stone-wall-ruin
se-spaceship-console-alt,accumulator,,,,,,,,,,,
logistic-train-stop-input,lamp,,,,,,,,,,,
collision-mask-addon-layer,arrow,,,,,,,,,,,
collision-mask-empty-space-tile,arrow,,,,,,,,,,,
collision-mask-flying-layer,arrow,,,,,,,,,,,
collision-mask-moving-tile,arrow,,,,,,,,,,,
collision-mask-projectile-layer,arrow,,,,,,,,,,,
collision-mask-space-tile,arrow,,,,,,,,,,,
collision-mask-vehicle-layer,arrow,,,,,,,,,,,
fake-selection-box-2x2,arrow,,,,,,,,,,,
orange-arrow-with-circle,arrow,,,,,,,,,,,
artillery-flare,artillery-flare,,,,,,,,,,,
artillery-projectile,artillery-projectile,,,,,,,,,,,
electric-beam,beam,,,,,,,,,,,
electric-beam-no-sound,beam,,,,,,,,,,,
laser-beam,beam,,,,,,,,,,,
picker-pointer-beam,beam,,,,,,,,,,,
se-tesla-gun-beam,beam,,,,,,,,,,,
picker-buffer-corpse-inf,character-corpse,,,,,,,,,,,
picker-buffer-corpse-instant,character-corpse,,,,,,,,,,,
cliff,cliff,,,,,,1,1,,,,
blueprint-note-interface,constant-combinator,,,,,,,,,,,
blueprint-note-storage-new,constant-combinator,,,,,,,,,,,
logistic-train-stop-lamp-control,constant-combinator,,,,,,,,,,,
logistic-train-stop-output,constant-combinator,,,,,,,,,,,
se-gate-lock-combinator,constant-combinator,,,,,,,,,,,
se-gate-lock-switch,constant-combinator,,,,,,,,,,,
se-gate-platform-button-switch,constant-combinator,,,,,,,,,,,
se-gate-platform-combinator,constant-combinator,,,,,,,,,,,
se-interburbulator-projector,constant-combinator,,,,,,,,,,,
se-rocket-launch-pad-combinator,constant-combinator,,,,,,,,,,,
se-spaceship-clamp,constant-combinator,,,,,,,,,,,
se-spaceship-console-output,constant-combinator,,,,,,,,,,,
1x2-remnants,corpse,,,,,,,,,,,
aai-storehouse-active-provider-remnants,corpse,,,,,,,,,,,
aai-storehouse-buffer-remnants,corpse,,,,,,,,,,,
aai-storehouse-passive-provider-remnants,corpse,,,,,,,,,,,
aai-storehouse-remnants,corpse,,,,,,,,,,,
aai-storehouse-requester-remnants,corpse,,,,,,,,,,,
aai-storehouse-storage-remnants,corpse,,,,,,,,,,,
aai-strongbox-active-provider-remnants,corpse,,,,,,,,,,,
aai-strongbox-buffer-remnants,corpse,,,,,,,,,,,
aai-strongbox-passive-provider-remnants,corpse,,,,,,,,,,,
aai-strongbox-remnants,corpse,,,,,,,,,,,
aai-strongbox-requester-remnants,corpse,,,,,,,,,,,
aai-strongbox-storage-remnants,corpse,,,,,,,,,,,
aai-warehouse-active-provider-remnants,corpse,,,,,,,,,,,
aai-warehouse-buffer-remnants,corpse,,,,,,,,,,,
aai-warehouse-passive-provider-remnants,corpse,,,,,,,,,,,
aai-warehouse-remnants,corpse,,,,,,,,,,,
aai-warehouse-requester-remnants,corpse,,,,,,,,,,,
aai-warehouse-storage-remnants,corpse,,,,,,,,,,,
accumulator-remnants,corpse,,,,,,,,,,,
active-provider-chest-remnants,corpse,,,,,,,,,,,
area-mining-drill-remnants,corpse,,,,,,,,,,,
arithmetic-combinator-remnants,corpse,,,,,,,,,,,
artillery-turret-remnants,corpse,,,,,,,,,,,
artillery-wagon-remnants,corpse,,,,,,,,,,,
assembling-machine-1-remnants,corpse,,,,,,,,,,,
assembling-machine-2-remnants,corpse,,,,,,,,,,,
assembling-machine-3-remnants,corpse,,,,,,,,,,,
beacon-remnants,corpse,,,,,,,,,,,
behemoth-biter-corpse,corpse,,,,,,,,,,,
behemoth-spitter-corpse,corpse,,,,,,,,,,,
behemoth-worm-corpse,corpse,,,,,,,,,,,
big-biter-corpse,corpse,,,,,,,,,,,
big-electric-pole-remnants,corpse,,,,,,,,,,,
big-remnants,corpse,,,,,,,,,,,
big-scorchmark,corpse,,,,,,,,,,,
big-scorchmark-tintable,corpse,,,,,,,,,,,
big-spitter-corpse,corpse,,,,,,,,,,,
big-worm-corpse,corpse,,,,,,,,,,,
biter-spawner-corpse,corpse,,,,,,,,,,,
boiler-remnants,corpse,,,,,,,,,,,
buffer-chest-remnants,corpse,,,,,,,,,,,
burner-inserter-remnants,corpse,,,,,,,,,,,
burner-mining-drill-remnants,corpse,,,,,,,,,,,
car-remnants,corpse,,,,,,,,,,,
cargo-wagon-remnants,corpse,,,,,,,,,,,
centrifuge-remnants,corpse,,,,,,,,,,,
chemical-plant-remnants,corpse,,,,,,,,,,,
constant-combinator-remnants,corpse,,,,,,,,,,,
construction-robot-remnants,corpse,,,,,,,,,,,
decider-combinator-remnants,corpse,,,,,,,,,,,
defender-remnants,corpse,,,,,,,,,,,
destroyer-remnants,corpse,,,,,,,,,,,
distractor-remnants,corpse,,,,,,,,,,,
electric-furnace-remnants,corpse,,,,,,,,,,,
electric-mining-drill-remnants,corpse,,,,,,,,,,,
express-splitter-remnants,corpse,,,,,,,,,,,
express-transport-belt-remnants,corpse,,,,,,,,,,,
express-underground-belt-remnants,corpse,,,,,,,,,,,
fast-inserter-remnants,corpse,,,,,,,,,,,
fast-splitter-remnants,corpse,,,,,,,,,,,
fast-transport-belt-remnants,corpse,,,,,,,,,,,
fast-underground-belt-remnants,corpse,,,,,,,,,,,
filter-inserter-remnants,corpse,,,,,,,,,,,
flamethrower-turret-remnants,corpse,,,,,,,,,,,
fluid-wagon-remnants,corpse,,,,,,,,,,,
gate-remnants,corpse,,,,,,,,,,,
gun-turret-remnants,corpse,,,,,,,,,,,
heat-exchanger-remnants,corpse,,,,,,,,,,,
heat-pipe-remnants,corpse,,,,,,,,,,,
hovercraft-remnants,corpse,,,,,,,,,,,
huge-scorchmark,corpse,,,,,,,,,,,
huge-scorchmark-tintable,corpse,,,,,,,,,,,
inserter-remnants,corpse,,,,,,,,,,,
iron-chest-remnants,corpse,,,,,,,,,,,
lab-remnants,corpse,,,,,,,,,,,
lamp-remnants,corpse,,,,,,,,,,,
land-mine-remnants,corpse,,,,,,,,,,,
laser-turret-remnants,corpse,,,,,,,,,,,
locomotive-remnants,corpse,,,,,,,,,,,
logistic-chest-active-provider-remnants,corpse,,,,,,,,,,,
logistic-chest-buffer-remnants,corpse,,,,,,,,,,,
logistic-chest-passive-provider-remnants,corpse,,,,,,,,,,,
logistic-chest-requester-remnants,corpse,,,,,,,,,,,
logistic-chest-storage-remnants,corpse,,,,,,,,,,,
logistic-robot-remnants,corpse,,,,,,,,,,,
long-handed-inserter-remnants,corpse,,,,,,,,,,,
medium-biter-corpse,corpse,,,,,,,,,,,
medium-electric-pole-remnants,corpse,,,,,,,,,,,
medium-remnants,corpse,,,,,,,,,,,
medium-scorchmark,corpse,,,,,,,,,,,
medium-scorchmark-tintable,corpse,,,,,,,,,,,
medium-small-remnants,corpse,,,,,,,,,,,
medium-spitter-corpse,corpse,,,,,,,,,,,
medium-worm-corpse,corpse,,,,,,,,,,,
nuclear-reactor-remnants,corpse,,,,,,,,,,,
offshore-pump-remnants,corpse,,,,,,,,,,,
oil-refinery-remnants,corpse,,,,,,,,,,,
passive-provider-chest-remnants,corpse,,,,,,,,,,,
pipe-remnants,corpse,,,,,,,,,,,
pipe-to-ground-remnants,corpse,,,,,,,,,,,
power-switch-remnants,corpse,,,,,,,,,,,
programmable-speaker-remnants,corpse,,,,,,,,,,,
pump-remnants,corpse,,,,,,,,,,,
pumpjack-remnants,corpse,,,,,,,,,,,
radar-remnants,corpse,,,,,,,,,,,
rail-chain-signal-remnants,corpse,,,,,,,,,,,
rail-ending-remnants,corpse,,,,,,,,,,,
rail-signal-remnants,corpse,,,,,,,,,,,
requester-chest-remnants,corpse,,,,,,,,,,,
roboport-remnants,corpse,,,,,,,,,,,
rocket-silo-remnants,corpse,,,,,,,,,,,
se-meteor-scorchmark,corpse,,,,,,,,,,,
small-biter-corpse,corpse,,,,,,,,,,,
small-electric-pole-remnants,corpse,,,,,,,,,,,
small-remnants,corpse,,,,,,,,,,,
small-scorchmark,corpse,,,,,,,,,,,
small-scorchmark-tintable,corpse,,,,,,,,,,,
small-spitter-corpse,corpse,,,,,,,,,,,
small-worm-corpse,corpse,,,,,,,,,,,
solar-panel-remnants,corpse,,,,,,,,,,,
spidertron-remnants,corpse,,,,,,,,,,,
spitter-spawner-corpse,corpse,,,,,,,,,,,
splitter-remnants,corpse,,,,,,,,,,,
stack-filter-inserter-remnants,corpse,,,,,,,,,,,
stack-inserter-remnants,corpse,,,,,,,,,,,
steam-engine-remnants,corpse,,,,,,,,,,,
steam-turbine-remnants,corpse,,,,,,,,,,,
steel-chest-remnants,corpse,,,,,,,,,,,
steel-furnace-remnants,corpse,,,,,,,,,,,
stone-furnace-remnants,corpse,,,,,,,,,,,
storage-chest-remnants,corpse,,,,,,,,,,,
storage-tank-remnants,corpse,,,,,,,,,,,
substation-remnants,corpse,,,,,,,,,,,
tank-remnants,corpse,,,,,,,,,,,
train-stop-remnants,corpse,,,,,,,,,,,
transport-belt-remnants,corpse,,,,,,,,,,,
tree-01-stump,corpse,,,,,,,,,,,
tree-02-stump,corpse,,,,,,,,,,,
tree-03-stump,corpse,,,,,,,,,,,
tree-04-stump,corpse,,,,,,,,,,,
tree-05-stump,corpse,,,,,,,,,,,
tree-06-stump,corpse,,,,,,,,,,,
tree-07-stump,corpse,,,,,,,,,,,
tree-08-stump,corpse,,,,,,,,,,,
tree-09-stump,corpse,,,,,,,,,,,
tree-ash-stump,corpse,,,,,,,,,,,
tree-baobab-stump,corpse,,,,,,,,,,,
tree-greypine-stump,corpse,,,,,,,,,,,
tree-mangrove-stump,corpse,,,,,,,,,,,
tree-oaktapus-stump,corpse,,,,,,,,,,,
tree-pear-stump,corpse,,,,,,,,,,,
tree-scarecrow-stump,corpse,,,,,,,,,,,
tree-specter-stump,corpse,,,,,,,,,,,
tree-willow-stump,corpse,,,,,,,,,,,
underground-belt-remnants,corpse,,,,,,,,,,,
wall-remnants,corpse,,,,,,,,,,,
wooden-chest-remnants,corpse,,,,,,,,,,,
aai-filter,decider-combinator,,,,,,,,,,,
deconstructible-tile-proxy,deconstructible-tile-proxy,,,,,,,,,,,
debug-energy-interface,electric-energy-interface,,,,,,,,,,,
electric-energy-interface,electric-energy-interface,,,,,,,,,,,
hidden-electric-energy-interface,electric-energy-interface,,,,,,,,,,,
se-delivery-cannon-energy-interface,electric-energy-interface,,,,,,,,,,,
se-delivery-cannon-weapon-energy-interface,electric-energy-interface,,,,,,,,,,,
se-dimensional-anchor,electric-energy-interface,,,,,,,,,,,
se-energy-beam-defence,electric-energy-interface,,,,,,,,,,,
se-gate-energy-interface,electric-energy-interface,,,,,,,,,,,
se-meteor-defence-charger,electric-energy-interface,,,,,,,,,,,
se-meteor-point-defence-charger,electric-energy-interface,,,,,,,,,,,
se-meteor-point-defence-charger-overcharged,electric-energy-interface,,,,,,,,,,,
se-nexus-charger,electric-energy-interface,,,,,,,,,,,
aai-storehouse-active-provider-explosion,explosion,,,,,,,,,,,
aai-storehouse-buffer-explosion,explosion,,,,,,,,,,,
aai-storehouse-explosion,explosion,,,,,,,,,,,
aai-storehouse-passive-provider-explosion,explosion,,,,,,,,,,,
aai-storehouse-requester-explosion,explosion,,,,,,,,,,,
aai-storehouse-storage-explosion,explosion,,,,,,,,,,,
aai-strongbox-active-provider-explosion,explosion,,,,,,,,,,,
aai-strongbox-buffer-explosion,explosion,,,,,,,,,,,
aai-strongbox-explosion,explosion,,,,,,,,,,,
aai-strongbox-passive-provider-explosion,explosion,,,,,,,,,,,
aai-strongbox-requester-explosion,explosion,,,,,,,,,,,
aai-strongbox-storage-explosion,explosion,,,,,,,,,,,
aai-warehouse-active-provider-explosion,explosion,,,,,,,,,,,
aai-warehouse-buffer-explosion,explosion,,,,,,,,,,,
aai-warehouse-explosion,explosion,,,,,,,,,,,
aai-warehouse-passive-provider-explosion,explosion,,,,,,,,,,,
aai-warehouse-requester-explosion,explosion,,,,,,,,,,,
aai-warehouse-storage-explosion,explosion,,,,,,,,,,,
accumulator-explosion,explosion,,,,,,,,,,,
active-provider-chest-explosion,explosion,,,,,,,,,,,
arithmetic-combinator-explosion,explosion,,,,,,,,,,,
artillery-cannon-muzzle-flash,explosion,,,,,,,,,,,
artillery-turret-explosion,explosion,,,,,,,,,,,
artillery-wagon-explosion,explosion,,,,,,,,,,,
assembling-machine-1-explosion,explosion,,,,,,,,,,,
assembling-machine-2-explosion,explosion,,,,,,,,,,,
assembling-machine-3-explosion,explosion,,,,,,,,,,,
atomic-fire-smoke,explosion,,,,,,,,,,,
atomic-nuke-shockwave,explosion,,,,,,,,,,,
beacon-explosion,explosion,,,,,,,,,,,
behemoth-biter-die,explosion,,,,,,,,,,,
behemoth-spitter-die,explosion,,,,,,,,,,,
behemoth-worm-die,explosion,,,,,,,,,,,
big-artillery-explosion,explosion,,,,,,,,,,,
big-biter-die,explosion,,,,,,,,,,,
big-electric-pole-explosion,explosion,,,,,,,,,,,
big-explosion,explosion,,,,,,,,,,,
big-explosion-hit,explosion,,,,,,,,,,,
big-spitter-die,explosion,,,,,,,,,,,
big-worm-die,explosion,,,,,,,,,,,
biter-spawner-die,explosion,,,,,,,,,,,
blood-explosion-big,explosion,,,,,,,,,,,
blood-explosion-huge,explosion,,,,,,,,,,,
blood-explosion-small,explosion,,,,,,,,,,,
boiler-explosion,explosion,,,,,,,,,,,
buffer-chest-explosion,explosion,,,,,,,,,,,
bullet-beam-basic,explosion,,,,,,,,,,,
bullet-beam-blue,explosion,,,,,,,,,,,
bullet-beam-blue-faint,explosion,,,,,,,,,,,
bullet-beam-cyan,explosion,,,,,,,,,,,
bullet-beam-cyan-faint,explosion,,,,,,,,,,,
bullet-beam-green,explosion,,,,,,,,,,,
bullet-beam-green-faint,explosion,,,,,,,,,,,
bullet-beam-magenta,explosion,,,,,,,,,,,
bullet-beam-magenta-faint,explosion,,,,,,,,,,,
bullet-beam-olive,explosion,,,,,,,,,,,
bullet-beam-olive-faint,explosion,,,,,,,,,,,
bullet-beam-orange,explosion,,,,,,,,,,,
bullet-beam-orange-faint,explosion,,,,,,,,,,,
bullet-beam-piercing,explosion,,,,,,,,,,,
bullet-beam-purple,explosion,,,,,,,,,,,
bullet-beam-purple-faint,explosion,,,,,,,,,,,
bullet-beam-red,explosion,,,,,,,,,,,
bullet-beam-red-faint,explosion,,,,,,,,,,,
bullet-beam-teal,explosion,,,,,,,,,,,
bullet-beam-teal-faint,explosion,,,,,,,,,,,
bullet-beam-white,explosion,,,,,,,,,,,
bullet-beam-white-faint,explosion,,,,,,,,,,,
bullet-beam-yellow,explosion,,,,,,,,,,,
bullet-beam-yellow-faint,explosion,,,,,,,,,,,
burner-inserter-explosion,explosion,,,,,,,,,,,
burner-mining-drill-explosion,explosion,,,,,,,,,,,
car-explosion,explosion,,,,,,,,,,,
cargo-wagon-explosion,explosion,,,,,,,,,,,
centrifuge-explosion,explosion,,,,,,,,,,,
chemical-plant-explosion,explosion,,,,,,,,,,,
cluster-nuke-explosion,explosion,,,,,,,,,,,
constant-combinator-explosion,explosion,,,,,,,,,,,
construction-robot-explosion,explosion,,,,,,,,,,,
decider-combinator-explosion,explosion,,,,,,,,,,,
defender-robot-explosion,explosion,,,,,,,,,,,
destroyer-robot-explosion,explosion,,,,,,,,,,,
distractor-robot-explosion,explosion,,,,,,,,,,,
electric-furnace-explosion,explosion,,,,,,,,,,,
electric-mining-drill-explosion,explosion,,,,,,,,,,,
enemy-damaged-explosion,explosion,,,,,,,,,,,
explosion,explosion,,,,,,,,,,,
explosion-gunshot,explosion,,,,,,,,,,,
explosion-gunshot-small,explosion,,,,,,,,,,,
explosion-hit,explosion,,,,,,,,,,,
express-splitter-explosion,explosion,,,,,,,,,,,
express-transport-belt-explosion,explosion,,,,,,,,,,,
express-underground-belt-explosion,explosion,,,,,,,,,,,
fast-inserter-explosion,explosion,,,,,,,,,,,
fast-splitter-explosion,explosion,,,,,,,,,,,
fast-transport-belt-explosion,explosion,,,,,,,,,,,
fast-underground-belt-explosion,explosion,,,,,,,,,,,
filter-inserter-explosion,explosion,,,,,,,,,,,
flamethrower-turret-explosion,explosion,,,,,,,,,,,
fluid-wagon-explosion,explosion,,,,,,,,,,,
flying-robot-damaged-explosion,explosion,,,,,,,,,,,
gate-explosion,explosion,,,,,,,,,,,
grappling-gun-trigger,explosion,,,,,,,,,,,
grenade-explosion,explosion,,,,,,,,,,,
ground-explosion,explosion,,,,,,,,,,,
gun-turret-explosion,explosion,,,,,,,,,,,
heat-exchanger-explosion,explosion,,,,,,,,,,,
heat-pipe-explosion,explosion,,,,,,,,,,,
inserter-explosion,explosion,,,,,,,,,,,
iron-chest-explosion,explosion,,,,,,,,,,,
lab-explosion,explosion,,,,,,,,,,,
lamp-explosion,explosion,,,,,,,,,,,
land-mine-explosion,explosion,,,,,,,,,,,
laser-bubble,explosion,,,,,,,,,,,
laser-turret-explosion,explosion,,,,,,,,,,,
locomotive-explosion,explosion,,,,,,,,,,,
logistic-chest-active-provider-explosion,explosion,,,,,,,,,,,
logistic-chest-buffer-explosion,explosion,,,,,,,,,,,
logistic-chest-passive-provider-explosion,explosion,,,,,,,,,,,
logistic-chest-requester-explosion,explosion,,,,,,,,,,,
logistic-chest-storage-explosion,explosion,,,,,,,,,,,
logistic-robot-explosion,explosion,,,,,,,,,,,
long-handed-inserter-explosion,explosion,,,,,,,,,,,
massive-explosion,explosion,,,,,,,,,,,
medium-biter-die,explosion,,,,,,,,,,,
medium-electric-pole-explosion,explosion,,,,,,,,,,,
medium-explosion,explosion,,,,,,,,,,,
medium-spitter-die,explosion,,,,,,,,,,,
medium-worm-die,explosion,,,,,,,,,,,
nuclear-reactor-explosion,explosion,,,,,,,,,,,
nuke-explosion,explosion,,,,,,,,,,,
offshore-pump-explosion,explosion,,,,,,,,,,,
oil-refinery-explosion,explosion,,,,,,,,,,,
passive-provider-chest-explosion,explosion,,,,,,,,,,,
pipe-explosion,explosion,,,,,,,,,,,
pipe-to-ground-explosion,explosion,,,,,,,,,,,
power-switch-explosion,explosion,,,,,,,,,,,
programmable-speaker-explosion,explosion,,,,,,,,,,,
pump-explosion,explosion,,,,,,,,,,,
pumpjack-explosion,explosion,,,,,,,,,,,
radar-explosion,explosion,,,,,,,,,,,
rail-chain-signal-explosion,explosion,,,,,,,,,,,
rail-explosion,explosion,,,,,,,,,,,
rail-signal-explosion,explosion,,,,,,,,,,,
requester-chest-explosion,explosion,,,,,,,,,,,
roboport-explosion,explosion,,,,,,,,,,,
robot-explosion,explosion,,,,,,,,,,,
rock-damaged-explosion,explosion,,,,,,,,,,,
rocket-silo-explosion,explosion,,,,,,,,,,,
se-bloater-burst-10,explosion,,,,,,,,,,,
se-bloater-burst-100,explosion,,,,,,,,,,,
se-bloater-burst-1000,explosion,,,,,,,,,,,
se-bloater-burst-10000,explosion,,,,,,,,,,,
se-bloater-burst-40,explosion,,,,,,,,,,,
se-bloater-burst-400,explosion,,,,,,,,,,,
se-bloater-burst-4000,explosion,,,,,,,,,,,
se-cryogun-trigger,explosion,,,,,,,,,,,
se-delivery-cannon-beam,explosion,,,,,,,,,,,
se-delivery-cannon-capsule-explosion,explosion,,,,,,,,,,,
se-delivery-cannon-weapon-beam,explosion,,,,,,,,,,,
se-dummy-explosion,explosion,,,,,,,,,,,
se-energy-glaive-damage-aoe,explosion,,,,,,,,,,,
se-energy-glaive-damage-aoe-large,explosion,,,,,,,,,,,
se-energy-glaive-path-fx,explosion,,,,,,,,,,,
se-huge-explosion,explosion,,,,,,,,,,,
se-large-explosion,explosion,,,,,,,,,,,
se-medium-explosion,explosion,,,,,,,,,,,
se-meteor-defence-beam,explosion,,,,,,,,,,,
se-meteor-explosion,explosion,,,,,,,,,,,
se-meteor-point-defence-beam,explosion,,,,,,,,,,,
se-pheromone-trigger,explosion,,,,,,,,,,,
se-railgun-beam,explosion,,,,,,,,,,,
se-small-explosion,explosion,,,,,,,,,,,
se-sound-gate-button,explosion,,,,,,,,,,,
se-sound-gate-lock,explosion,,,,,,,,,,,
se-sound-gate-power-down,explosion,,,,,,,,,,,
se-sound-gate-power-up,explosion,,,,,,,,,,,
se-sound-machine-close,explosion,,,,,,,,,,,
se-sound-machine-open,explosion,,,,,,,,,,,
se-sound-silo-clamps-off,explosion,,,,,,,,,,,
se-sound-silo-clamps-on,explosion,,,,,,,,,,,
se-sound-silo-doors,explosion,,,,,,,,,,,
se-sound-silo-raise-rocket,explosion,,,,,,,,,,,
se-sound-silo-rocket,explosion,,,,,,,,,,,
se-sound-train-breaks,explosion,,,,,,,,,,,
se-tesla-gun-light,explosion,,,,,,,,,,,
se-tesla-gun-trigger,explosion,,,,,,,,,,,
se-trigger-movable-debris,explosion,,,,,,,,,,,
slowdown-capsule-explosion,explosion,,,,,,,,,,,
small-biter-die,explosion,,,,,,,,,,,
small-electric-pole-explosion,explosion,,,,,,,,,,,
small-spitter-die,explosion,,,,,,,,,,,
small-worm-die,explosion,,,,,,,,,,,
solar-panel-explosion,explosion,,,,,,,,,,,
spark-explosion,explosion,,,,,,,,,,,
spark-explosion-higher,explosion,,,,,,,,,,,
spidertron-explosion,explosion,,,,,,,,,,,
spitter-spawner-die,explosion,,,,,,,,,,,
splitter-explosion,explosion,,,,,,,,,,,
stack-filter-inserter-explosion,explosion,,,,,,,,,,,
stack-inserter-explosion,explosion,,,,,,,,,,,
steam-engine-explosion,explosion,,,,,,,,,,,
steam-turbine-explosion,explosion,,,,,,,,,,,
steel-chest-explosion,explosion,,,,,,,,,,,
steel-furnace-explosion,explosion,,,,,,,,,,,
stone-furnace-explosion,explosion,,,,,,,,,,,
storage-chest-explosion,explosion,,,,,,,,,,,
storage-tank-explosion,explosion,,,,,,,,,,,
substation-explosion,explosion,,,,,,,,,,,
tank-explosion,explosion,,,,,,,,,,,
train-stop-explosion,explosion,,,,,,,,,,,
transport-belt-explosion,explosion,,,,,,,,,,,
underground-belt-explosion,explosion,,,,,,,,,,,
uranium-cannon-explosion,explosion,,,,,,,,,,,
uranium-cannon-shell-explosion,explosion,,,,,,,,,,,
wall-damaged-explosion,explosion,,,,,,,,,,,
wall-explosion,explosion,,,,,,,,,,,
water-splash,explosion,,,,,,,,,,,
wooden-chest-explosion,explosion,,,,,,,,,,,
acid-splash-fire-spitter-behemoth,fire,,,,,,,,,,,
acid-splash-fire-spitter-big,fire,,,,,,,,,,,
acid-splash-fire-spitter-medium,fire,,,,,,,,,,,
acid-splash-fire-spitter-small,fire,,,,,,,,,,,
acid-splash-fire-worm-behemoth,fire,,,,,,,,,,,
acid-splash-fire-worm-big,fire,,,,,,,,,,,
acid-splash-fire-worm-medium,fire,,,,,,,,,,,
acid-splash-fire-worm-small,fire,,,,,,,,,,,
crash-site-fire-flame,fire,,,,,,,,,,,
fire-flame,fire,,,,,,,,,,,
fire-flame-on-tree,fire,,,,,,,,,,,
robot-crash-flame,fire,,,,,,,,,,,
se-bloater-pool-fire,fire,,,,,,,,,,,
se-fire-flame-on-tree-no-pollution,fire,,,,,,,,,,,
se-tree-fire-starter,fire,,,,,,,,,,,
fish,fish,,,,,,,,,,,
dummy-flame-thrower-explosion,flame-thrower-explosion,,,,,,,,,,,
distribution-text,flying-text,,,,,,,,,,,
entity-unknown,flying-text,,,,,,,,,,,
flying-text,flying-text,,,,,,,,,,,
flying-text2,flying-text,,,,,,,,,,,
picker-flying-text,flying-text,,,,,,,,,,,
tile-proxy,flying-text,,,,,,,,,,,
title-flying-text,flying-text,,,,,,,,,,,
tree-dying-proxy,flying-text,,,,,,,,,,,
tree-proxy,flying-text,,,,,,,,,,,
tutorial-flying-text,flying-text,,,,,,,,,,,
highlight-box,highlight-box,,,,,,,,,,,
picker-highlight-box,highlight-box,,,,,,,,,,,
item-on-ground,item-entity,,,,,,,,,,,
robot-item-on-ground,item-entity,,,,,,,,,,,
item-request-proxy,item-request-proxy,,,,,,,,,,,
se-interburbulator-control,lamp,,,,,,,,,,,
se-interstellar-map-asteroid-field,lamp,,,,,,,,,,,
se-interstellar-map-spaceship,lamp,,,,,,,,,,,
se-interstellar-map-star,lamp,,,,,,,,,,,
se-spaceship-travel-anchor,lamp,,,,,,,,,,,
se-system-map-asteroid-belt,lamp,,,,,,,,,,,
se-system-map-interstellar-space,lamp,,,,,,,,,,,
se-system-map-moon-1,lamp,,,,,,,,,,,
se-system-map-moon-10,lamp,,,,,,,,,,,
se-system-map-moon-11,lamp,,,,,,,,,,,
se-system-map-moon-12,lamp,,,,,,,,,,,
se-system-map-moon-13,lamp,,,,,,,,,,,
se-system-map-moon-14,lamp,,,,,,,,,,,
se-system-map-moon-15,lamp,,,,,,,,,,,
se-system-map-moon-16,lamp,,,,,,,,,,,
se-system-map-moon-17,lamp,,,,,,,,,,,
se-system-map-moon-18,lamp,,,,,,,,,,,
se-system-map-moon-19,lamp,,,,,,,,,,,
se-system-map-moon-2,lamp,,,,,,,,,,,
se-system-map-moon-20,lamp,,,,,,,,,,,
se-system-map-moon-3,lamp,,,,,,,,,,,
se-system-map-moon-4,lamp,,,,,,,,,,,
se-system-map-moon-5,lamp,,,,,,,,,,,
se-system-map-moon-6,lamp,,,,,,,,,,,
se-system-map-moon-7,lamp,,,,,,,,,,,
se-system-map-moon-8,lamp,,,,,,,,,,,
se-system-map-moon-9,lamp,,,,,,,,,,,
se-system-map-planet-1,lamp,,,,,,,,,,,
se-system-map-planet-10,lamp,,,,,,,,,,,
se-system-map-planet-11,lamp,,,,,,,,,,,
se-system-map-planet-12,lamp,,,,,,,,,,,
se-system-map-planet-13,lamp,,,,,,,,,,,
se-system-map-planet-14,lamp,,,,,,,,,,,
se-system-map-planet-15,lamp,,,,,,,,,,,
se-system-map-planet-16,lamp,,,,,,,,,,,
se-system-map-planet-17,lamp,,,,,,,,,,,
se-system-map-planet-18,lamp,,,,,,,,,,,
se-system-map-planet-19,lamp,,,,,,,,,,,
se-system-map-planet-2,lamp,,,,,,,,,,,
se-system-map-planet-20,lamp,,,,,,,,,,,
se-system-map-planet-3,lamp,,,,,,,,,,,
se-system-map-planet-4,lamp,,,,,,,,,,,
se-system-map-planet-5,lamp,,,,,,,,,,,
se-system-map-planet-6,lamp,,,,,,,,,,,
se-system-map-planet-7,lamp,,,,,,,,,,,
se-system-map-planet-8,lamp,,,,,,,,,,,
se-system-map-planet-9,lamp,,,,,,,,,,,
se-system-map-spaceship,lamp,,,,,,,,,,,
se-system-map-star,lamp,,,,,,,,,,,
leaf-particle-for-migration,leaf-particle,,,,,,,,,,,
particle-for-migration,particle,,,,,,,,,,,
blood-fountain,particle-source,,,,,,,,,,,
blood-fountain-big,particle-source,,,,,,,,,,,
blood-fountain-hit-spray,particle-source,,,,,,,,,,,
nuclear-smouldering-smoke-source,particle-source,,,,,,,,,,,
player-port,player-port,,,,,,,,,,,
atomic-bomb-ground-zero-projectile,projectile,,,,,,,,,,,
atomic-bomb-wave,projectile,,,,,,,,,,,
atomic-bomb-wave-spawns-cluster-nuke-explosion,projectile,,,,,,,,,,,
atomic-bomb-wave-spawns-fire-smoke-explosion,projectile,,,,,,,,,,,
atomic-bomb-wave-spawns-nuclear-smoke,projectile,,,,,,,,,,,
atomic-bomb-wave-spawns-nuke-shockwave-explosion,projectile,,,,,,,,,,,
atomic-rocket,projectile,,,,,,,,,,,
blue-laser,projectile,,,,,,,,,,,
cannon-projectile,projectile,,,,,,,,,,,
cliff-explosives,projectile,,,,,,,,,,,
cluster-grenade,projectile,,,,,,,,,,,
defender-capsule,projectile,,,,,,,,,,,
destroyer-capsule,projectile,,,,,,,,,,,
distractor-capsule,projectile,,,,,,,,,,,
explosive-cannon-projectile,projectile,,,,,,,,,,,
explosive-rocket,projectile,,,,,,,,,,,
explosive-uranium-cannon-projectile,projectile,,,,,,,,,,,
grappling-gun-projectile,projectile,,,,,,,,,,,
grenade,projectile,,,,,,,,,,,
laser,projectile,,,,,,,,,,,
piercing-shotgun-pellet,projectile,,,,,,,,,,,
poison-capsule,projectile,,,,,,,,,,,
rocket,projectile,,,,,,,,,,,
se-bloater-splatter,projectile,,,,,,,,,,,
se-capsule-behemoth-biter,projectile,,,,,,,,,,,
se-capsule-behemoth-spitter,projectile,,,,,,,,,,,
se-capsule-big-biter,projectile,,,,,,,,,,,
se-capsule-big-spitter,projectile,,,,,,,,,,,
se-capsule-medium-biter,projectile,,,,,,,,,,,
se-capsule-medium-spitter,projectile,,,,,,,,,,,
se-capsule-small-biter,projectile,,,,,,,,,,,
se-capsule-small-spitter,projectile,,,,,,,,,,,
se-delivery-cannon-capsule-projectile,projectile,,,,,,,,,,,
se-delivery-cannon-capsule-shadow,projectile,,,,,,,,,,,
se-delivery-cannon-weapon-capsule-projectile,projectile,,,,,,,,,,,
se-dimensional-anchor-fx,projectile,,,,,,,,,,,
se-energy-glaive-beam,projectile,,,,,,,,,,,
se-energy-glaive-damage-projectile,projectile,,,,,,,,,,,
se-energy-receiver-beam,projectile,,,,,,,,,,,
se-energy-transmitter-beam,projectile,,,,,,,,,,,
se-falling-cargo-fragment-a,projectile,,,,,,,,,,,
se-falling-cargo-fragment-b,projectile,,,,,,,,,,,
se-falling-cargo-fragment-c,projectile,,,,,,,,,,,
se-falling-cargo-fragment-d,projectile,,,,,,,,,,,
se-falling-cargo-pod,projectile,,,,,,,,,,,
se-falling-meteor-01,projectile,,,,,,,,,,,
se-falling-meteor-02,projectile,,,,,,,,,,,
se-falling-meteor-03,projectile,,,,,,,,,,,
se-falling-meteor-04,projectile,,,,,,,,,,,
se-falling-meteor-05,projectile,,,,,,,,,,,
se-falling-meteor-06,projectile,,,,,,,,,,,
se-falling-meteor-07,projectile,,,,,,,,,,,
se-falling-meteor-08,projectile,,,,,,,,,,,
se-falling-meteor-09,projectile,,,,,,,,,,,
se-falling-meteor-10,projectile,,,,,,,,,,,
se-falling-meteor-11,projectile,,,,,,,,,,,
se-falling-meteor-12,projectile,,,,,,,,,,,
se-falling-meteor-13,projectile,,,,,,,,,,,
se-falling-meteor-14,projectile,,,,,,,,,,,
se-falling-meteor-15,projectile,,,,,,,,,,,
se-falling-meteor-16,projectile,,,,,,,,,,,
se-falling-rocket-fragment-big-a,projectile,,,,,,,,,,,
se-falling-rocket-fragment-big-b,projectile,,,,,,,,,,,
se-falling-rocket-fragment-big-c,projectile,,,,,,,,,,,
se-falling-rocket-fragment-big-d,projectile,,,,,,,,,,,
se-falling-rocket-fragment-medium-a,projectile,,,,,,,,,,,
se-falling-rocket-fragment-medium-b,projectile,,,,,,,,,,,
se-falling-rocket-fragment-medium-c,projectile,,,,,,,,,,,
se-falling-rocket-fragment-small-a,projectile,,,,,,,,,,,
se-falling-rocket-fragment-small-b,projectile,,,,,,,,,,,
se-falling-rocket-fragment-small-c,projectile,,,,,,,,,,,
se-falling-rocket-fragment-small-d,projectile,,,,,,,,,,,
se-falling-rocket-fragment-small-e,projectile,,,,,,,,,,,
se-falling-rocket-fragment-small-f,projectile,,,,,,,,,,,
se-falling-rocket-fragment-small-g,projectile,,,,,,,,,,,
se-falling-rocket-fragment-small-h,projectile,,,,,,,,,,,
se-falling-rocket-fragment-small-i,projectile,,,,,,,,,,,
se-falling-rocket-fragment-small-j,projectile,,,,,,,,,,,
se-falling-rocket-fragment-tiny-a,projectile,,,,,,,,,,,
se-falling-rocket-fragment-tiny-b,projectile,,,,,,,,,,,
se-falling-rocket-fragment-tiny-c,projectile,,,,,,,,,,,
se-falling-rocket-fragment-tiny-d,projectile,,,,,,,,,,,
se-falling-rocket-fragment-tiny-e,projectile,,,,,,,,,,,
se-falling-rocket-fragment-tiny-f,projectile,,,,,,,,,,,
se-gate-light,projectile,,,,,,,,,,,
se-gate-light-middle,projectile,,,,,,,,,,,
se-gate-spec-cyan,projectile,,,,,,,,,,,
se-gate-spec-white,projectile,,,,,,,,,,,
se-iridium-piledriver,projectile,,,,,,,,,,,
se-light-space-capsule,projectile,,,,,,,,,,,
se-light-space-capsule-launch,projectile,,,,,,,,,,,
se-lightbeam-a,projectile,,,,,,,,,,,
se-pheromone-projectile,projectile,,,,,,,,,,,
se-plague-rocket,projectile,,,,,,,,,,,
se-plague-wave,projectile,,,,,,,,,,,
se-shadow-cargo-fragment-a,projectile,,,,,,,,,,,
se-shadow-cargo-fragment-b,projectile,,,,,,,,,,,
se-shadow-cargo-fragment-c,projectile,,,,,,,,,,,
se-shadow-cargo-fragment-d,projectile,,,,,,,,,,,
se-shadow-cargo-pod,projectile,,,,,,,,,,,
se-shadow-meteor-01,projectile,,,,,,,,,,,
se-shadow-meteor-02,projectile,,,,,,,,,,,
se-shadow-meteor-03,projectile,,,,,,,,,,,
se-shadow-meteor-04,projectile,,,,,,,,,,,
se-shadow-meteor-05,projectile,,,,,,,,,,,
se-shadow-meteor-06,projectile,,,,,,,,,,,
se-shadow-meteor-07,projectile,,,,,,,,,,,
se-shadow-meteor-08,projectile,,,,,,,,,,,
se-shadow-meteor-09,projectile,,,,,,,,,,,
se-shadow-meteor-10,projectile,,,,,,,,,,,
se-shadow-meteor-11,projectile,,,,,,,,,,,
se-shadow-meteor-12,projectile,,,,,,,,,,,
se-shadow-meteor-13,projectile,,,,,,,,,,,
se-shadow-meteor-14,projectile,,,,,,,,,,,
se-shadow-meteor-15,projectile,,,,,,,,,,,
se-shadow-meteor-16,projectile,,,,,,,,,,,
se-shadow-rocket-fragment-big-a,projectile,,,,,,,,,,,
se-shadow-rocket-fragment-big-b,projectile,,,,,,,,,,,
se-shadow-rocket-fragment-big-c,projectile,,,,,,,,,,,
se-shadow-rocket-fragment-big-d,projectile,,,,,,,,,,,
se-shadow-rocket-fragment-medium-a,projectile,,,,,,,,,,,
se-shadow-rocket-fragment-medium-b,projectile,,,,,,,,,,,
se-shadow-rocket-fragment-medium-c,projectile,,,,,,,,,,,
se-shadow-rocket-fragment-small-a,projectile,,,,,,,,,,,
se-shadow-rocket-fragment-small-b,projectile,,,,,,,,,,,
se-shadow-rocket-fragment-small-c,projectile,,,,,,,,,,,
se-shadow-rocket-fragment-small-d,projectile,,,,,,,,,,,
se-shadow-rocket-fragment-small-e,projectile,,,,,,,,,,,
se-shadow-rocket-fragment-small-f,projectile,,,,,,,,,,,
se-shadow-rocket-fragment-small-g,projectile,,,,,,,,,,,
se-shadow-rocket-fragment-small-h,projectile,,,,,,,,,,,
se-shadow-rocket-fragment-small-i,projectile,,,,,,,,,,,
se-shadow-rocket-fragment-small-j,projectile,,,,,,,,,,,
se-shadow-rocket-fragment-tiny-a,projectile,,,,,,,,,,,
se-shadow-rocket-fragment-tiny-b,projectile,,,,,,,,,,,
se-shadow-rocket-fragment-tiny-c,projectile,,,,,,,,,,,
se-shadow-rocket-fragment-tiny-d,projectile,,,,,,,,,,,
se-shadow-rocket-fragment-tiny-e,projectile,,,,,,,,,,,
se-shadow-rocket-fragment-tiny-f,projectile,,,,,,,,,,,
se-sound-continous-gate-power-on,projectile,,,,,,,,,,,
se-sound-continous-gate-turning,projectile,,,,,,,,,,,
se-sound-continous-silo-rocket,projectile,,,,,,,,,,,
se-space-cargo-fragment-a,projectile,,,,,,,,,,,
se-space-cargo-fragment-b,projectile,,,,,,,,,,,
se-space-cargo-fragment-c,projectile,,,,,,,,,,,
se-space-cargo-fragment-d,projectile,,,,,,,,,,,
se-space-rocket-fragment-big-a,projectile,,,,,,,,,,,
se-space-rocket-fragment-big-b,projectile,,,,,,,,,,,
se-space-rocket-fragment-big-c,projectile,,,,,,,,,,,
se-space-rocket-fragment-big-d,projectile,,,,,,,,,,,
se-space-rocket-fragment-medium-a,projectile,,,,,,,,,,,
se-space-rocket-fragment-medium-b,projectile,,,,,,,,,,,
se-space-rocket-fragment-medium-c,projectile,,,,,,,,,,,
se-space-rocket-fragment-small-a,projectile,,,,,,,,,,,
se-space-rocket-fragment-small-b,projectile,,,,,,,,,,,
se-space-rocket-fragment-small-c,projectile,,,,,,,,,,,
se-space-rocket-fragment-small-d,projectile,,,,,,,,,,,
se-space-rocket-fragment-small-e,projectile,,,,,,,,,,,
se-space-rocket-fragment-small-f,projectile,,,,,,,,,,,
se-space-rocket-fragment-small-g,projectile,,,,,,,,,,,
se-space-rocket-fragment-small-h,projectile,,,,,,,,,,,
se-space-rocket-fragment-small-i,projectile,,,,,,,,,,,
se-space-rocket-fragment-small-j,projectile,,,,,,,,,,,
se-space-rocket-fragment-tiny-a,projectile,,,,,,,,,,,
se-space-rocket-fragment-tiny-b,projectile,,,,,,,,,,,
se-space-rocket-fragment-tiny-c,projectile,,,,,,,,,,,
se-space-rocket-fragment-tiny-d,projectile,,,,,,,,,,,
se-space-rocket-fragment-tiny-e,projectile,,,,,,,,,,,
se-space-rocket-fragment-tiny-f,projectile,,,,,,,,,,,
se-spaceship-obstacle-rock-large-projectile,projectile,,,,,,,,,,,
se-spaceship-obstacle-rock-medium-projectile,projectile,,,,,,,,,,,
se-spaceship-obstacle-rock-small-projectile,projectile,,,,,,,,,,,
shotgun-pellet,projectile,,,,,,,,,,,
slowdown-capsule,projectile,,,,,,,,,,,
uranium-cannon-projectile,projectile,,,,,,,,,,,
curved-rail-remnants,rail-remnants,,,,,,,,,,,
straight-rail-remnants,rail-remnants,,,,,,,,,,,
coal,resource,,,,,,,,,,,
copper-ore,resource,,,,,,,,,,,
crude-oil,resource,,,,,,,,,,,
iron-ore,resource,,,,,,,,,,,
se-beryllium-ore,resource,,,,,,,,,,,
se-core-fragment-coal,resource,,,,,,,,,,,
se-core-fragment-copper-ore,resource,,,,,,,,,,,
se-core-fragment-crude-oil,resource,,,,,,,,,,,
se-core-fragment-iron-ore,resource,,,,,,,,,,,
se-core-fragment-omni,resource,,,,,,,,,,,
se-core-fragment-se-beryllium-ore,resource,,,,,,,,,,,
se-core-fragment-se-cryonite,resource,,,,,,,,,,,
se-core-fragment-se-holmium-ore,resource,,,,,,,,,,,
se-core-fragment-se-iridium-ore,resource,,,,,,,,,,,
se-core-fragment-se-vitamelange,resource,,,,,,,,,,,
se-core-fragment-se-vulcanite,resource,,,,,,,,,,,
se-core-fragment-stone,resource,,,,,,,,,,,
se-core-fragment-uranium-ore,resource,,,,,,,,,,,
se-cryonite,resource,,,,,,,,,,,
se-holmium-ore,resource,,,,,,,,,,,
se-iridium-ore,resource,,,,,,,,,,,
se-methane-ice,resource,,,,,,,,,,,
se-naquium-ore,resource,,,,,,,,,,,
se-vitamelange,resource,,,,,,,,,,,
se-vulcanite,resource,,,,,,,,,,,
se-water-ice,resource,,,,,,,,,,,
stone,resource,,,,,,,,,,,
uranium-ore,resource,,,,,,,,,,,
aai-signal-receiver,roboport,,,,,,,,,,,
rocket-silo-rocket-shadow,rocket-silo-rocket-shadow,,,,,,,,,,,
dark-mud-decal-ruin,simple-entity,,,,,,,,,,,
enemy-decal-ruin,simple-entity,,,,,,,,,,,
furnace-ruin,simple-entity,,,,,,,,,,,
grappling-gun-player-collision,simple-entity,,,,,,,,,,,
iron-wood-chest-remnants,simple-entity,,,,,,,,,,,
lichen-decal-ruin,simple-entity,,,,,,,,,,,
light-mud-decal-ruin,simple-entity,,,,,,,,,,,
medium-ship-wreck,simple-entity,,,,,,,,,,,
puberty-decal-ruin,simple-entity,,,,,,,,,,,
red-desert-decal-ruin,simple-entity,,,,,,,,,,,
rock-big,simple-entity,,,,,,,,,,,
rock-big-aubergine,simple-entity,,,,,,,,,,,
rock-big-beige,simple-entity,,,,,,,,,,,
rock-big-black,simple-entity,,,,,,,,,,,
rock-big-brown,simple-entity,,,,,,,,,,,
rock-big-cream,simple-entity,,,,,,,,,,,
rock-big-dustyrose,simple-entity,,,,,,,,,,,
rock-big-grey,simple-entity,,,,,,,,,,,
rock-big-purple,simple-entity,,,,,,,,,,,
rock-big-red,simple-entity,,,,,,,,,,,
rock-big-tan,simple-entity,,,,,,,,,,,
rock-big-violet,simple-entity,,,,,,,,,,,
rock-big-volcanic,simple-entity,,,,,,,,,,,
rock-big-white,simple-entity,,,,,,,,,,,
rock-huge,simple-entity,,,,,,,,,,,
rock-huge-aubergine,simple-entity,,,,,,,,,,,
rock-huge-beige,simple-entity,,,,,,,,,,,
rock-huge-black,simple-entity,,,,,,,,,,,
rock-huge-brown,simple-entity,,,,,,,,,,,
rock-huge-cream,simple-entity,,,,,,,,,,,
rock-huge-dustyrose,simple-entity,,,,,,,,,,,
rock-huge-grey,simple-entity,,,,,,,,,,,
rock-huge-purple,simple-entity,,,,,,,,,,,
rock-huge-red,simple-entity,,,,,,,,,,,
rock-huge-tan,simple-entity,,,,,,,,,,,
rock-huge-violet,simple-entity,,,,,,,,,,,
rock-huge-volcanic,simple-entity,,,,,,,,,,,
rock-huge-white,simple-entity,,,,,,,,,,,
sand-decal-black-ruin,simple-entity,,,,,,,,,,,
sand-decal-ruin,simple-entity,,,,,,,,,,,
sand-decal-tan-ruin,simple-entity,,,,,,,,,,,
sand-decal-white-ruin,simple-entity,,,,,,,,,,,
sand-rock-big,simple-entity,,,,,,,,,,,
sand-rock-big-black,simple-entity,,,,,,,,,,,
sand-rock-big-purple,simple-entity,,,,,,,,,,,
sand-rock-big-red,simple-entity,,,,,,,,,,,
sand-rock-big-tan,simple-entity,,,,,,,,,,,
sand-rock-big-white,simple-entity,,,,,,,,,,,
se-cartouche-a,simple-entity,,,,,,,,,,,
se-cartouche-b-a,simple-entity,,,,,,,,,,,
se-cartouche-b-b,simple-entity,,,,,,,,,,,
se-collision-player,simple-entity,,,,,,,,,,,
se-collision-player-not-space,simple-entity,,,,,,,,,,,
se-collision-rocket-destination-orbital,simple-entity,,,,,,,,,,,
se-collision-rocket-destination-surface,simple-entity,,,,,,,,,,,
se-cryogun-ice,simple-entity,,,,,,,,,,,
se-cryogun-ice-spacer,simple-entity,,,,,,,,,,,
se-energy-transmitter-chamber-addon-bottom,simple-entity,,,,,,,,,,,
se-energy-transmitter-chamber-addon-left,simple-entity,,,,,,,,,,,
se-energy-transmitter-chamber-addon-right,simple-entity,,,,,,,,,,,
se-energy-transmitter-chamber-addon-top,simple-entity,,,,,,,,,,,
se-energy-transmitter-injector-addon,simple-entity,,,,,,,,,,,
se-gate-addon-1,simple-entity,,,,,,,,,,,
se-gate-addon-2,simple-entity,,,,,,,,,,,
se-gate-addon-3,simple-entity,,,,,,,,,,,
se-gate-addon-4,simple-entity,,,,,,,,,,,
se-gate-addon-5,simple-entity,,,,,,,,,,,
se-gate-addon-6,simple-entity,,,,,,,,,,,
se-gate-addon-7,simple-entity,,,,,,,,,,,
se-gate-addon-8,simple-entity,,,,,,,,,,,
se-gate-blocker,simple-entity,,,,,,,,,,,
se-gate-blocker-void,simple-entity,,,,,,,,,,,
se-gate-fragment-1,simple-entity,,,,,,,,,,,
se-gate-fragment-10,simple-entity,,,,,,,,,,,
se-gate-fragment-11,simple-entity,,,,,,,,,,,
se-gate-fragment-12,simple-entity,,,,,,,,,,,
se-gate-fragment-13,simple-entity,,,,,,,,,,,
se-gate-fragment-14-a,simple-entity,,,,,,,,,,,
se-gate-fragment-14-b,simple-entity,,,,,,,,,,,
se-gate-fragment-2,simple-entity,,,,,,,,,,,
se-gate-fragment-3,simple-entity,,,,,,,,,,,
se-gate-fragment-4,simple-entity,,,,,,,,,,,
se-gate-fragment-5,simple-entity,,,,,,,,,,,
se-gate-fragment-6,simple-entity,,,,,,,,,,,
se-gate-fragment-7,simple-entity,,,,,,,,,,,
se-gate-fragment-8,simple-entity,,,,,,,,,,,
se-gate-fragment-9,simple-entity,,,,,,,,,,,
se-gate-main-e,simple-entity,,,,,,,,,,,
se-gate-main-e-shadow,simple-entity,,,,,,,,,,,
se-gate-main-en,simple-entity,,,,,,,,,,,
se-gate-main-en-shadow,simple-entity,,,,,,,,,,,
se-gate-main-es,simple-entity,,,,,,,,,,,
se-gate-main-es-shadow,simple-entity,,,,,,,,,,,
se-gate-main-n,simple-entity,,,,,,,,,,,
se-gate-main-ne,simple-entity,,,,,,,,,,,
se-gate-main-ne-shadow,simple-entity,,,,,,,,,,,
se-gate-main-nw,simple-entity,,,,,,,,,,,
se-gate-main-s,simple-entity,,,,,,,,,,,
se-gate-main-s-shadow,simple-entity,,,,,,,,,,,
se-gate-main-se,simple-entity,,,,,,,,,,,
se-gate-main-se-shadow,simple-entity,,,,,,,,,,,
se-gate-main-sw,simple-entity,,,,,,,,,,,
se-gate-main-sw-shadow,simple-entity,,,,,,,,,,,
se-gate-main-w,simple-entity,,,,,,,,,,,
se-gate-main-w-shadow,simple-entity,,,,,,,,,,,
se-gate-main-wn,simple-entity,,,,,,,,,,,
se-gate-main-ws,simple-entity,,,,,,,,,,,
se-gate-main-ws-shadow,simple-entity,,,,,,,,,,,
se-gate-platform,simple-entity,,,,,,,,,,,
se-gate-platform-button-left,simple-entity,,,,,,,,,,,
se-gate-platform-button-middle,simple-entity,,,,,,,,,,,
se-gate-platform-button-right,simple-entity,,,,,,,,,,,
se-gate-platform-indicator-green,simple-entity,,,,,,,,,,,
se-gate-platform-indicator-red,simple-entity,,,,,,,,,,,
se-gate-platform-indicator-yellow,simple-entity,,,,,,,,,,,
se-gate-rails-1,simple-entity,,,,,,,,,,,
se-gate-rails-2,simple-entity,,,,,,,,,,,
se-gate-rails-3,simple-entity,,,,,,,,,,,
se-gate-rails-4,simple-entity,,,,,,,,,,,
se-gate-rails-5,simple-entity,,,,,,,,,,,
se-gate-rails-6,simple-entity,,,,,,,,,,,
se-gate-rails-7,simple-entity,,,,,,,,,,,
se-gate-rails-8,simple-entity,,,,,,,,,,,
se-gate-shunt-1,simple-entity,,,,,,,,,,,
se-gate-shunt-2,simple-entity,,,,,,,,,,,
se-gate-shunt-3,simple-entity,,,,,,,,,,,
se-gate-shunt-4,simple-entity,,,,,,,,,,,
se-gate-shunt-5,simple-entity,,,,,,,,,,,
se-gate-shunt-6,simple-entity,,,,,,,,,,,
se-gate-shunt-7,simple-entity,,,,,,,,,,,
se-gate-shunt-8,simple-entity,,,,,,,,,,,
se-gate-tryplace,simple-entity,,,,,,,,,,,
se-gate-underlay-e,simple-entity,,,,,,,,,,,
se-gate-underlay-en,simple-entity,,,,,,,,,,,
se-gate-underlay-es,simple-entity,,,,,,,,,,,
se-gate-underlay-n,simple-entity,,,,,,,,,,,
se-gate-underlay-ne,simple-entity,,,,,,,,,,,
se-gate-underlay-nw,simple-entity,,,,,,,,,,,
se-gate-underlay-s,simple-entity,,,,,,,,,,,
se-gate-underlay-se,simple-entity,,,,,,,,,,,
se-gate-underlay-sw,simple-entity,,,,,,,,,,,
se-gate-underlay-w,simple-entity,,,,,,,,,,,
se-gate-underlay-wn,simple-entity,,,,,,,,,,,
se-gate-underlay-ws,simple-entity,,,,,,,,,,,
se-glyph-a-1,simple-entity,,,,,,,,,,,
se-glyph-a-1-small,simple-entity,,,,,,,,,,,
se-glyph-a-10,simple-entity,,,,,,,,,,,
se-glyph-a-10-small,simple-entity,,,,,,,,,,,
se-glyph-a-11,simple-entity,,,,,,,,,,,
se-glyph-a-11-small,simple-entity,,,,,,,,,,,
se-glyph-a-12,simple-entity,,,,,,,,,,,
se-glyph-a-12-small,simple-entity,,,,,,,,,,,
se-glyph-a-13,simple-entity,,,,,,,,,,,
se-glyph-a-13-small,simple-entity,,,,,,,,,,,
se-glyph-a-14,simple-entity,,,,,,,,,,,
se-glyph-a-14-small,simple-entity,,,,,,,,,,,
se-glyph-a-15,simple-entity,,,,,,,,,,,
se-glyph-a-15-small,simple-entity,,,,,,,,,,,
se-glyph-a-16,simple-entity,,,,,,,,,,,
se-glyph-a-16-small,simple-entity,,,,,,,,,,,
se-glyph-a-17,simple-entity,,,,,,,,,,,
se-glyph-a-17-small,simple-entity,,,,,,,,,,,
se-glyph-a-18,simple-entity,,,,,,,,,,,
se-glyph-a-18-small,simple-entity,,,,,,,,,,,
se-glyph-a-19,simple-entity,,,,,,,,,,,
se-glyph-a-19-small,simple-entity,,,,,,,,,,,
se-glyph-a-2,simple-entity,,,,,,,,,,,
se-glyph-a-2-small,simple-entity,,,,,,,,,,,
se-glyph-a-20,simple-entity,,,,,,,,,,,
se-glyph-a-20-small,simple-entity,,,,,,,,,,,
se-glyph-a-21,simple-entity,,,,,,,,,,,
se-glyph-a-21-small,simple-entity,,,,,,,,,,,
se-glyph-a-22,simple-entity,,,,,,,,,,,
se-glyph-a-22-small,simple-entity,,,,,,,,,,,
se-glyph-a-23,simple-entity,,,,,,,,,,,
se-glyph-a-23-small,simple-entity,,,,,,,,,,,
se-glyph-a-24,simple-entity,,,,,,,,,,,
se-glyph-a-24-small,simple-entity,,,,,,,,,,,
se-glyph-a-25,simple-entity,,,,,,,,,,,
se-glyph-a-25-small,simple-entity,,,,,,,,,,,
se-glyph-a-26,simple-entity,,,,,,,,,,,
se-glyph-a-26-small,simple-entity,,,,,,,,,,,
se-glyph-a-27,simple-entity,,,,,,,,,,,
se-glyph-a-27-small,simple-entity,,,,,,,,,,,
se-glyph-a-28,simple-entity,,,,,,,,,,,
se-glyph-a-28-small,simple-entity,,,,,,,,,,,
se-glyph-a-29,simple-entity,,,,,,,,,,,
se-glyph-a-29-small,simple-entity,,,,,,,,,,,
se-glyph-a-3,simple-entity,,,,,,,,,,,
se-glyph-a-3-small,simple-entity,,,,,,,,,,,
se-glyph-a-30,simple-entity,,,,,,,,,,,
se-glyph-a-30-small,simple-entity,,,,,,,,,,,
se-glyph-a-31,simple-entity,,,,,,,,,,,
se-glyph-a-31-small,simple-entity,,,,,,,,,,,
se-glyph-a-32,simple-entity,,,,,,,,,,,
se-glyph-a-32-small,simple-entity,,,,,,,,,,,
se-glyph-a-33,simple-entity,,,,,,,,,,,
se-glyph-a-33-small,simple-entity,,,,,,,,,,,
se-glyph-a-34,simple-entity,,,,,,,,,,,
se-glyph-a-34-small,simple-entity,,,,,,,,,,,
se-glyph-a-35,simple-entity,,,,,,,,,,,
se-glyph-a-35-small,simple-entity,,,,,,,,,,,
se-glyph-a-36,simple-entity,,,,,,,,,,,
se-glyph-a-36-small,simple-entity,,,,,,,,,,,
se-glyph-a-37,simple-entity,,,,,,,,,,,
se-glyph-a-37-small,simple-entity,,,,,,,,,,,
se-glyph-a-38,simple-entity,,,,,,,,,,,
se-glyph-a-38-small,simple-entity,,,,,,,,,,,
se-glyph-a-39,simple-entity,,,,,,,,,,,
se-glyph-a-39-small,simple-entity,,,,,,,,,,,
se-glyph-a-4,simple-entity,,,,,,,,,,,
se-glyph-a-4-small,simple-entity,,,,,,,,,,,
se-glyph-a-40,simple-entity,,,,,,,,,,,
se-glyph-a-40-small,simple-entity,,,,,,,,,,,
se-glyph-a-41,simple-entity,,,,,,,,,,,
se-glyph-a-41-small,simple-entity,,,,,,,,,,,
se-glyph-a-42,simple-entity,,,,,,,,,,,
se-glyph-a-42-small,simple-entity,,,,,,,,,,,
se-glyph-a-43,simple-entity,,,,,,,,,,,
se-glyph-a-43-small,simple-entity,,,,,,,,,,,
se-glyph-a-44,simple-entity,,,,,,,,,,,
se-glyph-a-44-small,simple-entity,,,,,,,,,,,
se-glyph-a-45,simple-entity,,,,,,,,,,,
se-glyph-a-45-small,simple-entity,,,,,,,,,,,
se-glyph-a-46,simple-entity,,,,,,,,,,,
se-glyph-a-46-small,simple-entity,,,,,,,,,,,
se-glyph-a-47,simple-entity,,,,,,,,,,,
se-glyph-a-47-small,simple-entity,,,,,,,,,,,
se-glyph-a-48,simple-entity,,,,,,,,,,,
se-glyph-a-48-small,simple-entity,,,,,,,,,,,
se-glyph-a-49,simple-entity,,,,,,,,,,,
se-glyph-a-49-small,simple-entity,,,,,,,,,,,
se-glyph-a-5,simple-entity,,,,,,,,,,,
se-glyph-a-5-small,simple-entity,,,,,,,,,,,
se-glyph-a-50,simple-entity,,,,,,,,,,,
se-glyph-a-50-small,simple-entity,,,,,,,,,,,
se-glyph-a-51,simple-entity,,,,,,,,,,,
se-glyph-a-51-small,simple-entity,,,,,,,,,,,
se-glyph-a-52,simple-entity,,,,,,,,,,,
se-glyph-a-52-small,simple-entity,,,,,,,,,,,
se-glyph-a-53,simple-entity,,,,,,,,,,,
se-glyph-a-53-small,simple-entity,,,,,,,,,,,
se-glyph-a-54,simple-entity,,,,,,,,,,,
se-glyph-a-54-small,simple-entity,,,,,,,,,,,
se-glyph-a-55,simple-entity,,,,,,,,,,,
se-glyph-a-55-small,simple-entity,,,,,,,,,,,
se-glyph-a-56,simple-entity,,,,,,,,,,,
se-glyph-a-56-small,simple-entity,,,,,,,,,,,
se-glyph-a-57,simple-entity,,,,,,,,,,,
se-glyph-a-57-small,simple-entity,,,,,,,,,,,
se-glyph-a-58,simple-entity,,,,,,,,,,,
se-glyph-a-58-small,simple-entity,,,,,,,,,,,
se-glyph-a-59,simple-entity,,,,,,,,,,,
se-glyph-a-59-small,simple-entity,,,,,,,,,,,
se-glyph-a-6,simple-entity,,,,,,,,,,,
se-glyph-a-6-small,simple-entity,,,,,,,,,,,
se-glyph-a-60,simple-entity,,,,,,,,,,,
se-glyph-a-60-small,simple-entity,,,,,,,,,,,
se-glyph-a-61,simple-entity,,,,,,,,,,,
se-glyph-a-61-small,simple-entity,,,,,,,,,,,
se-glyph-a-62,simple-entity,,,,,,,,,,,
se-glyph-a-62-small,simple-entity,,,,,,,,,,,
se-glyph-a-63,simple-entity,,,,,,,,,,,
se-glyph-a-63-small,simple-entity,,,,,,,,,,,
se-glyph-a-64,simple-entity,,,,,,,,,,,
se-glyph-a-64-small,simple-entity,,,,,,,,,,,
se-glyph-a-7,simple-entity,,,,,,,,,,,
se-glyph-a-7-small,simple-entity,,,,,,,,,,,
se-glyph-a-8,simple-entity,,,,,,,,,,,
se-glyph-a-8-small,simple-entity,,,,,,,,,,,
se-glyph-a-9,simple-entity,,,,,,,,,,,
se-glyph-a-9-small,simple-entity,,,,,,,,,,,
se-glyph-a-energy-1,simple-entity,,,,,,,,,,,
se-glyph-a-energy-1-locked,simple-entity,,,,,,,,,,,
se-glyph-a-energy-10,simple-entity,,,,,,,,,,,
se-glyph-a-energy-10-locked,simple-entity,,,,,,,,,,,
se-glyph-a-energy-11,simple-entity,,,,,,,,,,,
se-glyph-a-energy-11-locked,simple-entity,,,,,,,,,,,
se-glyph-a-energy-12,simple-entity,,,,,,,,,,,
se-glyph-a-energy-12-locked,simple-entity,,,,,,,,,,,
se-glyph-a-energy-13,simple-entity,,,,,,,,,,,
se-glyph-a-energy-13-locked,simple-entity,,,,,,,,,,,
se-glyph-a-energy-14,simple-entity,,,,,,,,,,,
se-glyph-a-energy-14-locked,simple-entity,,,,,,,,,,,
se-glyph-a-energy-15,simple-entity,,,,,,,,,,,
se-glyph-a-energy-15-locked,simple-entity,,,,,,,,,,,
se-glyph-a-energy-16,simple-entity,,,,,,,,,,,
se-glyph-a-energy-16-locked,simple-entity,,,,,,,,,,,
se-glyph-a-energy-17,simple-entity,,,,,,,,,,,
se-glyph-a-energy-17-locked,simple-entity,,,,,,,,,,,
se-glyph-a-energy-18,simple-entity,,,,,,,,,,,
se-glyph-a-energy-18-locked,simple-entity,,,,,,,,,,,
se-glyph-a-energy-19,simple-entity,,,,,,,,,,,
se-glyph-a-energy-19-locked,simple-entity,,,,,,,,,,,
se-glyph-a-energy-2,simple-entity,,,,,,,,,,,
se-glyph-a-energy-2-locked,simple-entity,,,,,,,,,,,
se-glyph-a-energy-20,simple-entity,,,,,,,,,,,
se-glyph-a-energy-20-locked,simple-entity,,,,,,,,,,,
se-glyph-a-energy-21,simple-entity,,,,,,,,,,,
se-glyph-a-energy-21-locked,simple-entity,,,,,,,,,,,
se-glyph-a-energy-22,simple-entity,,,,,,,,,,,
se-glyph-a-energy-22-locked,simple-entity,,,,,,,,,,,
se-glyph-a-energy-23,simple-entity,,,,,,,,,,,
se-glyph-a-energy-23-locked,simple-entity,,,,,,,,,,,
se-glyph-a-energy-24,simple-entity,,,,,,,,,,,
se-glyph-a-energy-24-locked,simple-entity,,,,,,,,,,,
se-glyph-a-energy-25,simple-entity,,,,,,,,,,,
se-glyph-a-energy-25-locked,simple-entity,,,,,,,,,,,
se-glyph-a-energy-26,simple-entity,,,,,,,,,,,
se-glyph-a-energy-26-locked,simple-entity,,,,,,,,,,,
se-glyph-a-energy-27,simple-entity,,,,,,,,,,,
se-glyph-a-energy-27-locked,simple-entity,,,,,,,,,,,
se-glyph-a-energy-28,simple-entity,,,,,,,,,,,
se-glyph-a-energy-28-locked,simple-entity,,,,,,,,,,,
se-glyph-a-energy-29,simple-entity,,,,,,,,,,,
se-glyph-a-energy-29-locked,simple-entity,,,,,,,,,,,
se-glyph-a-energy-3,simple-entity,,,,,,,,,,,
se-glyph-a-energy-3-locked,simple-entity,,,,,,,,,,,
se-glyph-a-energy-30,simple-entity,,,,,,,,,,,
se-glyph-a-energy-30-locked,simple-entity,,,,,,,,,,,
se-glyph-a-energy-31,simple-entity,,,,,,,,,,,
se-glyph-a-energy-31-locked,simple-entity,,,,,,,,,,,
se-glyph-a-energy-32,simple-entity,,,,,,,,,,,
se-glyph-a-energy-32-locked,simple-entity,,,,,,,,,,,
se-glyph-a-energy-33,simple-entity,,,,,,,,,,,
se-glyph-a-energy-33-locked,simple-entity,,,,,,,,,,,
se-glyph-a-energy-34,simple-entity,,,,,,,,,,,
se-glyph-a-energy-34-locked,simple-entity,,,,,,,,,,,
se-glyph-a-energy-35,simple-entity,,,,,,,,,,,
se-glyph-a-energy-35-locked,simple-entity,,,,,,,,,,,
se-glyph-a-energy-36,simple-entity,,,,,,,,,,,
se-glyph-a-energy-36-locked,simple-entity,,,,,,,,,,,
se-glyph-a-energy-37,simple-entity,,,,,,,,,,,
se-glyph-a-energy-37-locked,simple-entity,,,,,,,,,,,
se-glyph-a-energy-38,simple-entity,,,,,,,,,,,
se-glyph-a-energy-38-locked,simple-entity,,,,,,,,,,,
se-glyph-a-energy-39,simple-entity,,,,,,,,,,,
se-glyph-a-energy-39-locked,simple-entity,,,,,,,,,,,
se-glyph-a-energy-4,simple-entity,,,,,,,,,,,
se-glyph-a-energy-4-locked,simple-entity,,,,,,,,,,,
se-glyph-a-energy-40,simple-entity,,,,,,,,,,,
se-glyph-a-energy-40-locked,simple-entity,,,,,,,,,,,
se-glyph-a-energy-41,simple-entity,,,,,,,,,,,
se-glyph-a-energy-41-locked,simple-entity,,,,,,,,,,,
se-glyph-a-energy-42,simple-entity,,,,,,,,,,,
se-glyph-a-energy-42-locked,simple-entity,,,,,,,,,,,
se-glyph-a-energy-43,simple-entity,,,,,,,,,,,
se-glyph-a-energy-43-locked,simple-entity,,,,,,,,,,,
se-glyph-a-energy-44,simple-entity,,,,,,,,,,,
se-glyph-a-energy-44-locked,simple-entity,,,,,,,,,,,
se-glyph-a-energy-45,simple-entity,,,,,,,,,,,
se-glyph-a-energy-45-locked,simple-entity,,,,,,,,,,,
se-glyph-a-energy-46,simple-entity,,,,,,,,,,,
se-glyph-a-energy-46-locked,simple-entity,,,,,,,,,,,
se-glyph-a-energy-47,simple-entity,,,,,,,,,,,
se-glyph-a-energy-47-locked,simple-entity,,,,,,,,,,,
se-glyph-a-energy-48,simple-entity,,,,,,,,,,,
se-glyph-a-energy-48-locked,simple-entity,,,,,,,,,,,
se-glyph-a-energy-49,simple-entity,,,,,,,,,,,
se-glyph-a-energy-49-locked,simple-entity,,,,,,,,,,,
se-glyph-a-energy-5,simple-entity,,,,,,,,,,,
se-glyph-a-energy-5-locked,simple-entity,,,,,,,,,,,
se-glyph-a-energy-50,simple-entity,,,,,,,,,,,
se-glyph-a-energy-50-locked,simple-entity,,,,,,,,,,,
se-glyph-a-energy-51,simple-entity,,,,,,,,,,,
se-glyph-a-energy-51-locked,simple-entity,,,,,,,,,,,
se-glyph-a-energy-52,simple-entity,,,,,,,,,,,
se-glyph-a-energy-52-locked,simple-entity,,,,,,,,,,,
se-glyph-a-energy-53,simple-entity,,,,,,,,,,,
se-glyph-a-energy-53-locked,simple-entity,,,,,,,,,,,
se-glyph-a-energy-54,simple-entity,,,,,,,,,,,
se-glyph-a-energy-54-locked,simple-entity,,,,,,,,,,,
se-glyph-a-energy-55,simple-entity,,,,,,,,,,,
se-glyph-a-energy-55-locked,simple-entity,,,,,,,,,,,
se-glyph-a-energy-56,simple-entity,,,,,,,,,,,
se-glyph-a-energy-56-locked,simple-entity,,,,,,,,,,,
se-glyph-a-energy-57,simple-entity,,,,,,,,,,,
se-glyph-a-energy-57-locked,simple-entity,,,,,,,,,,,
se-glyph-a-energy-58,simple-entity,,,,,,,,,,,
se-glyph-a-energy-58-locked,simple-entity,,,,,,,,,,,
se-glyph-a-energy-59,simple-entity,,,,,,,,,,,
se-glyph-a-energy-59-locked,simple-entity,,,,,,,,,,,
se-glyph-a-energy-6,simple-entity,,,,,,,,,,,
se-glyph-a-energy-6-locked,simple-entity,,,,,,,,,,,
se-glyph-a-energy-60,simple-entity,,,,,,,,,,,
se-glyph-a-energy-60-locked,simple-entity,,,,,,,,,,,
se-glyph-a-energy-61,simple-entity,,,,,,,,,,,
se-glyph-a-energy-61-locked,simple-entity,,,,,,,,,,,
se-glyph-a-energy-62,simple-entity,,,,,,,,,,,
se-glyph-a-energy-62-locked,simple-entity,,,,,,,,,,,
se-glyph-a-energy-63,simple-entity,,,,,,,,,,,
se-glyph-a-energy-63-locked,simple-entity,,,,,,,,,,,
se-glyph-a-energy-64,simple-entity,,,,,,,,,,,
se-glyph-a-energy-64-locked,simple-entity,,,,,,,,,,,
se-glyph-a-energy-7,simple-entity,,,,,,,,,,,
se-glyph-a-energy-7-locked,simple-entity,,,,,,,,,,,
se-glyph-a-energy-8,simple-entity,,,,,,,,,,,
se-glyph-a-energy-8-locked,simple-entity,,,,,,,,,,,
se-glyph-a-energy-9,simple-entity,,,,,,,,,,,
se-glyph-a-energy-9-locked,simple-entity,,,,,,,,,,,
se-glyph-b-1,simple-entity,,,,,,,,,,,
se-glyph-b-1-small,simple-entity,,,,,,,,,,,
se-glyph-b-10,simple-entity,,,,,,,,,,,
se-glyph-b-10-small,simple-entity,,,,,,,,,,,
se-glyph-b-11,simple-entity,,,,,,,,,,,
se-glyph-b-11-small,simple-entity,,,,,,,,,,,
se-glyph-b-12,simple-entity,,,,,,,,,,,
se-glyph-b-12-small,simple-entity,,,,,,,,,,,
se-glyph-b-13,simple-entity,,,,,,,,,,,
se-glyph-b-13-small,simple-entity,,,,,,,,,,,
se-glyph-b-14,simple-entity,,,,,,,,,,,
se-glyph-b-14-small,simple-entity,,,,,,,,,,,
se-glyph-b-15,simple-entity,,,,,,,,,,,
se-glyph-b-15-small,simple-entity,,,,,,,,,,,
se-glyph-b-16,simple-entity,,,,,,,,,,,
se-glyph-b-16-small,simple-entity,,,,,,,,,,,
se-glyph-b-17,simple-entity,,,,,,,,,,,
se-glyph-b-17-small,simple-entity,,,,,,,,,,,
se-glyph-b-18,simple-entity,,,,,,,,,,,
se-glyph-b-18-small,simple-entity,,,,,,,,,,,
se-glyph-b-19,simple-entity,,,,,,,,,,,
se-glyph-b-19-small,simple-entity,,,,,,,,,,,
se-glyph-b-2,simple-entity,,,,,,,,,,,
se-glyph-b-2-small,simple-entity,,,,,,,,,,,
se-glyph-b-20,simple-entity,,,,,,,,,,,
se-glyph-b-20-small,simple-entity,,,,,,,,,,,
se-glyph-b-21,simple-entity,,,,,,,,,,,
se-glyph-b-21-small,simple-entity,,,,,,,,,,,
se-glyph-b-22,simple-entity,,,,,,,,,,,
se-glyph-b-22-small,simple-entity,,,,,,,,,,,
se-glyph-b-23,simple-entity,,,,,,,,,,,
se-glyph-b-23-small,simple-entity,,,,,,,,,,,
se-glyph-b-24,simple-entity,,,,,,,,,,,
se-glyph-b-24-small,simple-entity,,,,,,,,,,,
se-glyph-b-25,simple-entity,,,,,,,,,,,
se-glyph-b-25-small,simple-entity,,,,,,,,,,,
se-glyph-b-26,simple-entity,,,,,,,,,,,
se-glyph-b-26-small,simple-entity,,,,,,,,,,,
se-glyph-b-27,simple-entity,,,,,,,,,,,
se-glyph-b-27-small,simple-entity,,,,,,,,,,,
se-glyph-b-28,simple-entity,,,,,,,,,,,
se-glyph-b-28-small,simple-entity,,,,,,,,,,,
se-glyph-b-29,simple-entity,,,,,,,,,,,
se-glyph-b-29-small,simple-entity,,,,,,,,,,,
se-glyph-b-3,simple-entity,,,,,,,,,,,
se-glyph-b-3-small,simple-entity,,,,,,,,,,,
se-glyph-b-30,simple-entity,,,,,,,,,,,
se-glyph-b-30-small,simple-entity,,,,,,,,,,,
se-glyph-b-31,simple-entity,,,,,,,,,,,
se-glyph-b-31-small,simple-entity,,,,,,,,,,,
se-glyph-b-32,simple-entity,,,,,,,,,,,
se-glyph-b-32-small,simple-entity,,,,,,,,,,,
se-glyph-b-33,simple-entity,,,,,,,,,,,
se-glyph-b-33-small,simple-entity,,,,,,,,,,,
se-glyph-b-34,simple-entity,,,,,,,,,,,
se-glyph-b-34-small,simple-entity,,,,,,,,,,,
se-glyph-b-35,simple-entity,,,,,,,,,,,
se-glyph-b-35-small,simple-entity,,,,,,,,,,,
se-glyph-b-36,simple-entity,,,,,,,,,,,
se-glyph-b-36-small,simple-entity,,,,,,,,,,,
se-glyph-b-37,simple-entity,,,,,,,,,,,
se-glyph-b-37-small,simple-entity,,,,,,,,,,,
se-glyph-b-38,simple-entity,,,,,,,,,,,
se-glyph-b-38-small,simple-entity,,,,,,,,,,,
se-glyph-b-39,simple-entity,,,,,,,,,,,
se-glyph-b-39-small,simple-entity,,,,,,,,,,,
se-glyph-b-4,simple-entity,,,,,,,,,,,
se-glyph-b-4-small,simple-entity,,,,,,,,,,,
se-glyph-b-40,simple-entity,,,,,,,,,,,
se-glyph-b-40-small,simple-entity,,,,,,,,,,,
se-glyph-b-41,simple-entity,,,,,,,,,,,
se-glyph-b-41-small,simple-entity,,,,,,,,,,,
se-glyph-b-42,simple-entity,,,,,,,,,,,
se-glyph-b-42-small,simple-entity,,,,,,,,,,,
se-glyph-b-43,simple-entity,,,,,,,,,,,
se-glyph-b-43-small,simple-entity,,,,,,,,,,,
se-glyph-b-44,simple-entity,,,,,,,,,,,
se-glyph-b-44-small,simple-entity,,,,,,,,,,,
se-glyph-b-45,simple-entity,,,,,,,,,,,
se-glyph-b-45-small,simple-entity,,,,,,,,,,,
se-glyph-b-46,simple-entity,,,,,,,,,,,
se-glyph-b-46-small,simple-entity,,,,,,,,,,,
se-glyph-b-47,simple-entity,,,,,,,,,,,
se-glyph-b-47-small,simple-entity,,,,,,,,,,,
se-glyph-b-48,simple-entity,,,,,,,,,,,
se-glyph-b-48-small,simple-entity,,,,,,,,,,,
se-glyph-b-49,simple-entity,,,,,,,,,,,
se-glyph-b-49-small,simple-entity,,,,,,,,,,,
se-glyph-b-5,simple-entity,,,,,,,,,,,
se-glyph-b-5-small,simple-entity,,,,,,,,,,,
se-glyph-b-50,simple-entity,,,,,,,,,,,
se-glyph-b-50-small,simple-entity,,,,,,,,,,,
se-glyph-b-51,simple-entity,,,,,,,,,,,
se-glyph-b-51-small,simple-entity,,,,,,,,,,,
se-glyph-b-52,simple-entity,,,,,,,,,,,
se-glyph-b-52-small,simple-entity,,,,,,,,,,,
se-glyph-b-53,simple-entity,,,,,,,,,,,
se-glyph-b-53-small,simple-entity,,,,,,,,,,,
se-glyph-b-54,simple-entity,,,,,,,,,,,
se-glyph-b-54-small,simple-entity,,,,,,,,,,,
se-glyph-b-55,simple-entity,,,,,,,,,,,
se-glyph-b-55-small,simple-entity,,,,,,,,,,,
se-glyph-b-56,simple-entity,,,,,,,,,,,
se-glyph-b-56-small,simple-entity,,,,,,,,,,,
se-glyph-b-57,simple-entity,,,,,,,,,,,
se-glyph-b-57-small,simple-entity,,,,,,,,,,,
se-glyph-b-58,simple-entity,,,,,,,,,,,
se-glyph-b-58-small,simple-entity,,,,,,,,,,,
se-glyph-b-59,simple-entity,,,,,,,,,,,
se-glyph-b-59-small,simple-entity,,,,,,,,,,,
se-glyph-b-6,simple-entity,,,,,,,,,,,
se-glyph-b-6-small,simple-entity,,,,,,,,,,,
se-glyph-b-60,simple-entity,,,,,,,,,,,
se-glyph-b-60-small,simple-entity,,,,,,,,,,,
se-glyph-b-61,simple-entity,,,,,,,,,,,
se-glyph-b-61-small,simple-entity,,,,,,,,,,,
se-glyph-b-62,simple-entity,,,,,,,,,,,
se-glyph-b-62-small,simple-entity,,,,,,,,,,,
se-glyph-b-63,simple-entity,,,,,,,,,,,
se-glyph-b-63-small,simple-entity,,,,,,,,,,,
se-glyph-b-64,simple-entity,,,,,,,,,,,
se-glyph-b-64-small,simple-entity,,,,,,,,,,,
se-glyph-b-7,simple-entity,,,,,,,,,,,
se-glyph-b-7-small,simple-entity,,,,,,,,,,,
se-glyph-b-8,simple-entity,,,,,,,,,,,
se-glyph-b-8-small,simple-entity,,,,,,,,,,,
se-glyph-b-9,simple-entity,,,,,,,,,,,
se-glyph-b-9-small,simple-entity,,,,,,,,,,,
se-interburbulator-interface,simple-entity,,,,,,,,,,,
se-pyramid-a,simple-entity,,,,,,,,,,,
se-pyramid-b,simple-entity,,,,,,,,,,,
se-pyramid-c,simple-entity,,,,,,,,,,,
se-rock-big-asteroid,simple-entity,,,,,,,,,,,
se-rock-big-space,simple-entity,,,,,,,,,,,
se-rock-huge-asteroid,simple-entity,,,,,,,,,,,
se-rock-huge-space,simple-entity,,,,,,,,,,,
se-sand-rock-big-asteroid,simple-entity,,,,,,,,,,,
se-shield-projector-shield-floor-east,simple-entity,,,,,,,,,,,
se-shield-projector-shield-floor-north,simple-entity,,,,,,,,,,,
se-shield-projector-shield-floor-northeast,simple-entity,,,,,,,,,,,
se-shield-projector-shield-floor-northwest,simple-entity,,,,,,,,,,,
se-shield-projector-shield-floor-south,simple-entity,,,,,,,,,,,
se-shield-projector-shield-floor-southeast,simple-entity,,,,,,,,,,,
se-shield-projector-shield-floor-southwest,simple-entity,,,,,,,,,,,
se-shield-projector-shield-floor-west,simple-entity,,,,,,,,,,,
se-shield-projector-shield-wall-east,simple-entity,,,,,,,,,,,
se-shield-projector-shield-wall-north,simple-entity,,,,,,,,,,,
se-shield-projector-shield-wall-northeast,simple-entity,,,,,,,,,,,
se-shield-projector-shield-wall-northwest,simple-entity,,,,,,,,,,,
se-shield-projector-shield-wall-south,simple-entity,,,,,,,,,,,
se-shield-projector-shield-wall-southeast,simple-entity,,,,,,,,,,,
se-shield-projector-shield-wall-southwest,simple-entity,,,,,,,,,,,
se-shield-projector-shield-wall-west,simple-entity,,,,,,,,,,,
se-spaceship-obstacle-rock-large-graphic,simple-entity,,,,,,,,,,,
se-spaceship-obstacle-rock-medium-graphic,simple-entity,,,,,,,,,,,
se-spaceship-obstacle-rock-small-graphic,simple-entity,,,,,,,,,,,
se-spaceship-speck-graphic,simple-entity,,,,,,,,,,,
se-static-cargo-fragment-a,simple-entity,,,,,,,,,,,
se-static-cargo-fragment-b,simple-entity,,,,,,,,,,,
se-static-cargo-fragment-c,simple-entity,,,,,,,,,,,
se-static-cargo-fragment-d,simple-entity,,,,,,,,,,,
se-static-meteor-01,simple-entity,,,,,,,,,,,
se-static-meteor-02,simple-entity,,,,,,,,,,,
se-static-meteor-03,simple-entity,,,,,,,,,,,
se-static-meteor-04,simple-entity,,,,,,,,,,,
se-static-meteor-05,simple-entity,,,,,,,,,,,
se-static-meteor-06,simple-entity,,,,,,,,,,,
se-static-meteor-07,simple-entity,,,,,,,,,,,
se-static-meteor-08,simple-entity,,,,,,,,,,,
se-static-meteor-09,simple-entity,,,,,,,,,,,
se-static-meteor-10,simple-entity,,,,,,,,,,,
se-static-meteor-11,simple-entity,,,,,,,,,,,
se-static-meteor-12,simple-entity,,,,,,,,,,,
se-static-meteor-13,simple-entity,,,,,,,,,,,
se-static-meteor-14,simple-entity,,,,,,,,,,,
se-static-meteor-15,simple-entity,,,,,,,,,,,
se-static-meteor-16,simple-entity,,,,,,,,,,,
se-static-rocket-fragment-big-a,simple-entity,,,,,,,,,,,
se-static-rocket-fragment-big-b,simple-entity,,,,,,,,,,,
se-static-rocket-fragment-big-c,simple-entity,,,,,,,,,,,
se-static-rocket-fragment-big-d,simple-entity,,,,,,,,,,,
se-static-rocket-fragment-medium-a,simple-entity,,,,,,,,,,,
se-static-rocket-fragment-medium-b,simple-entity,,,,,,,,,,,
se-static-rocket-fragment-medium-c,simple-entity,,,,,,,,,,,
se-static-rocket-fragment-small-a,simple-entity,,,,,,,,,,,
se-static-rocket-fragment-small-b,simple-entity,,,,,,,,,,,
se-static-rocket-fragment-small-c,simple-entity,,,,,,,,,,,
se-static-rocket-fragment-small-d,simple-entity,,,,,,,,,,,
se-static-rocket-fragment-small-e,simple-entity,,,,,,,,,,,
se-static-rocket-fragment-small-f,simple-entity,,,,,,,,,,,
se-static-rocket-fragment-small-g,simple-entity,,,,,,,,,,,
se-static-rocket-fragment-small-h,simple-entity,,,,,,,,,,,
se-static-rocket-fragment-small-i,simple-entity,,,,,,,,,,,
se-static-rocket-fragment-small-j,simple-entity,,,,,,,,,,,
se-static-rocket-fragment-tiny-a,simple-entity,,,,,,,,,,,
se-static-rocket-fragment-tiny-b,simple-entity,,,,,,,,,,,
se-static-rocket-fragment-tiny-c,simple-entity,,,,,,,,,,,
se-static-rocket-fragment-tiny-d,simple-entity,,,,,,,,,,,
se-static-rocket-fragment-tiny-e,simple-entity,,,,,,,,,,,
se-static-rocket-fragment-tiny-f,simple-entity,,,,,,,,,,,
shroom-decal-ruin,simple-entity,,,,,,,,,,,
stone-rubble,simple-entity,,,,,,,,,,,
vase,simple-entity,,,,,,,,,,,
wood-half-chest-left,simple-entity,,,,,,,,,,,
wood-half-chest-right,simple-entity,,,,,,,,,,,
wooden-barrel,simple-entity,,,,,,,,,,,
workshop-ruin,simple-entity,,,,,,,,,,,
bottleneck-stoplight,simple-entity-with-force,,,,,,,,,,,
note-marker,simple-entity-with-force,,,,,,,,,,,
ruin-1x2-remnants,simple-entity-with-force,,,,,,,,,,,
ruin-accumulator-remnants,simple-entity-with-force,,,,,,,,,,,
ruin-active-provider-chest-remnants,simple-entity-with-force,,,,,,,,,,,
ruin-arithmetic-combinator-remnants,simple-entity-with-force,,,,,,,,,,,
ruin-artillery-turret-remnants,simple-entity-with-force,,,,,,,,,,,
ruin-big-electric-pole-remnants,simple-entity-with-force,,,,,,,,,,,
ruin-big-remnants,simple-entity-with-force,,,,,,,,,,,
ruin-boiler-remnants,simple-entity-with-force,,,,,,,,,,,
ruin-buffer-chest-remnants,simple-entity-with-force,,,,,,,,,,,
ruin-burner-inserter-remnants,simple-entity-with-force,,,,,,,,,,,
ruin-burner-mining-drill-remnants,simple-entity-with-force,,,,,,,,,,,
ruin-car-remnants,simple-entity-with-force,,,,,,,,,,,
ruin-cargo-wagon-remnants,simple-entity-with-force,,,,,,,,,,,
ruin-centrifuge-remnants,simple-entity-with-force,,,,,,,,,,,
ruin-chemical-plant-remnants,simple-entity-with-force,,,,,,,,,,,
ruin-constant-combinator-remnants,simple-entity-with-force,,,,,,,,,,,
ruin-decider-combinator-remnants,simple-entity-with-force,,,,,,,,,,,
ruin-electric-furnace-remnants,simple-entity-with-force,,,,,,,,,,,
ruin-express-splitter-remnants,simple-entity-with-force,,,,,,,,,,,
ruin-express-transport-belt-remnants,simple-entity-with-force,,,,,,,,,,,
ruin-express-underground-belt-remnants,simple-entity-with-force,,,,,,,,,,,
ruin-fast-inserter-remnants,simple-entity-with-force,,,,,,,,,,,
ruin-fast-splitter-remnants,simple-entity-with-force,,,,,,,,,,,
ruin-fast-transport-belt-remnants,simple-entity-with-force,,,,,,,,,,,
ruin-fast-underground-belt-remnants,simple-entity-with-force,,,,,,,,,,,
ruin-filter-inserter-remnants,simple-entity-with-force,,,,,,,,,,,
ruin-flamethrower-turret-remnants,simple-entity-with-force,,,,,,,,,,,
ruin-fluid-wagon-remnants,simple-entity-with-force,,,,,,,,,,,
ruin-gate-remnants,simple-entity-with-force,,,,,,,,,,,
ruin-gun-turret-remnants,simple-entity-with-force,,,,,,,,,,,
ruin-heat-exchanger-remnants,simple-entity-with-force,,,,,,,,,,,
ruin-heat-pipe-remnants,simple-entity-with-force,,,,,,,,,,,
ruin-inserter-remnants,simple-entity-with-force,,,,,,,,,,,
ruin-iron-chest-remnants,simple-entity-with-force,,,,,,,,,,,
ruin-lab-remnants,simple-entity-with-force,,,,,,,,,,,
ruin-laser-turret-remnants,simple-entity-with-force,,,,,,,,,,,
ruin-locomotive-remnants,simple-entity-with-force,,,,,,,,,,,
ruin-long-handed-inserter-remnants,simple-entity-with-force,,,,,,,,,,,
ruin-medium-electric-pole-remnants,simple-entity-with-force,,,,,,,,,,,
ruin-medium-remnants,simple-entity-with-force,,,,,,,,,,,
ruin-medium-small-remnants,simple-entity-with-force,,,,,,,,,,,
ruin-nuclear-reactor-remnants,simple-entity-with-force,,,,,,,,,,,
ruin-oil-refinery-remnants,simple-entity-with-force,,,,,,,,,,,
ruin-passive-provider-chest-remnants,simple-entity-with-force,,,,,,,,,,,
ruin-pipe-remnants,simple-entity-with-force,,,,,,,,,,,
ruin-pipe-to-ground-remnants,simple-entity-with-force,,,,,,,,,,,
ruin-programmable-speaker-remnants,simple-entity-with-force,,,,,,,,,,,
ruin-pump-remnants,simple-entity-with-force,,,,,,,,,,,
ruin-pumpjack-remnants,simple-entity-with-force,,,,,,,,,,,
ruin-radar-remnants,simple-entity-with-force,,,,,,,,,,,
ruin-rail-chain-signal-remnants,simple-entity-with-force,,,,,,,,,,,
ruin-rail-signal-remnants,simple-entity-with-force,,,,,,,,,,,
ruin-requester-chest-remnants,simple-entity-with-force,,,,,,,,,,,
ruin-roboport-remnants,simple-entity-with-force,,,,,,,,,,,
ruin-small-electric-pole-remnants,simple-entity-with-force,,,,,,,,,,,
ruin-small-remnants,simple-entity-with-force,,,,,,,,,,,
ruin-solar-panel-remnants,simple-entity-with-force,,,,,,,,,,,
ruin-splitter-remnants,simple-entity-with-force,,,,,,,,,,,
ruin-stack-filter-inserter-remnants,simple-entity-with-force,,,,,,,,,,,
ruin-stack-inserter-remnants,simple-entity-with-force,,,,,,,,,,,
ruin-steam-engine-remnants,simple-entity-with-force,,,,,,,,,,,
ruin-steam-turbine-remnants,simple-entity-with-force,,,,,,,,,,,
ruin-steel-chest-remnants,simple-entity-with-force,,,,,,,,,,,
ruin-steel-furnace-remnants,simple-entity-with-force,,,,,,,,,,,
ruin-stone-furnace-remnants,simple-entity-with-force,,,,,,,,,,,
ruin-storage-chest-remnants,simple-entity-with-force,,,,,,,,,,,
ruin-storage-tank-remnants,simple-entity-with-force,,,,,,,,,,,
ruin-substation-remnants,simple-entity-with-force,,,,,,,,,,,
ruin-tank-remnants,simple-entity-with-force,,,,,,,,,,,
ruin-train-stop-remnants,simple-entity-with-force,,,,,,,,,,,
ruin-transport-belt-remnants,simple-entity-with-force,,,,,,,,,,,
ruin-underground-belt-remnants,simple-entity-with-force,,,,,,,,,,,
ruin-wall-remnants,simple-entity-with-force,,,,,,,,,,,
ruin-wooden-chest-remnants,simple-entity-with-force,,,,,,,,,,,
se-blueprint-registration-point,simple-entity-with-force,,,,,,,,,,,
se-space-capsule-_-vehicle-shadow,simple-entity-with-force,,,,,,,,,,,
se-spaceship-obstacle-rock-large-targetable,simple-entity-with-force,,,,,,,,,,,
se-spaceship-obstacle-rock-medium-targetable,simple-entity-with-force,,,,,,,,,,,
se-spaceship-obstacle-rock-small-targetable,simple-entity-with-force,,,,,,,,,,,
simple-entity-with-force,simple-entity-with-force,,,,,,,,,,,
spidertron-military-target,simple-entity-with-force,,,,,,,,,,,
textplate-large-concrete,simple-entity-with-force,,,,,,,,,,,
textplate-large-copper,simple-entity-with-force,,,,,,,,,,,
textplate-large-glass,simple-entity-with-force,,,,,,,,,,,
textplate-large-gold,simple-entity-with-force,,,,,,,,,,,
textplate-large-iron,simple-entity-with-force,,,,,,,,,,,
textplate-large-steel,simple-entity-with-force,,,,,,,,,,,
textplate-large-stone,simple-entity-with-force,,,,,,,,,,,
textplate-large-uranium,simple-entity-with-force,,,,,,,,,,,
textplate-small-concrete,simple-entity-with-force,,,,,,,,,,,
textplate-small-copper,simple-entity-with-force,,,,,,,,,,,
textplate-small-glass,simple-entity-with-force,,,,,,,,,,,
textplate-small-gold,simple-entity-with-force,,,,,,,,,,,
textplate-small-iron,simple-entity-with-force,,,,,,,,,,,
textplate-small-steel,simple-entity-with-force,,,,,,,,,,,
textplate-small-stone,simple-entity-with-force,,,,,,,,,,,
textplate-small-uranium,simple-entity-with-force,,,,,,,,,,,
lamp-light,simple-entity-with-owner,,,,,,,,,,,
simple-entity-with-owner,simple-entity-with-owner,,,,,,,,,,,
smoke-for-migration,smoke,,,,,,,,,,,
crash-site-explosion-smoke,smoke-with-trigger,,,,,,,,,,,
crash-site-fire-smoke,smoke-with-trigger,,,,,,,,,,,
poison-cloud,smoke-with-trigger,,,,,,,,,,,
poison-cloud-visual-dummy,smoke-with-trigger,,,,,,,,,,,
se-bloater-pool-cloud,smoke-with-trigger,,,,,,,,,,,
se-plague-cloud,smoke-with-trigger,,,,,,,,,,,
water-ripple1-smoke,smoke-with-trigger,,,,,,,,,,,
water-ripple2-smoke,smoke-with-trigger,,,,,,,,,,,
water-ripple3-smoke,smoke-with-trigger,,,,,,,,,,,
water-ripple4-smoke,smoke-with-trigger,,,,,,,,,,,
water-splash-smoke-1,smoke-with-trigger,,,,,,,,,,,
water-splash-smoke-10,smoke-with-trigger,,,,,,,,,,,
water-splash-smoke-2,smoke-with-trigger,,,,,,,,,,,
water-splash-smoke-3,smoke-with-trigger,,,,,,,,,,,
water-splash-smoke-4,smoke-with-trigger,,,,,,,,,,,
water-splash-smoke-5,smoke-with-trigger,,,,,,,,,,,
water-splash-smoke-6,smoke-with-trigger,,,,,,,,,,,
water-splash-smoke-7,smoke-with-trigger,,,,,,,,,,,
water-splash-smoke-8,smoke-with-trigger,,,,,,,,,,,
water-splash-smoke-9,smoke-with-trigger,,,,,,,,,,,
compi-speech-bubble,speech-bubble,,,,,,,,,,,
acid-sticker-behemoth,sticker,,,,,,,,,,,
acid-sticker-big,sticker,,,,,,,,,,,
acid-sticker-medium,sticker,,,,,,,,,,,
acid-sticker-small,sticker,,,,,,,,,,,
cryogun-sticker,sticker,,,,,,,,,,,
fire-sticker,sticker,,,,,,,,,,,
se-bloater-sticker,sticker,,,,,,,,,,,
se-plague-sticker,sticker,,,,,,,,,,,
slowdown-sticker,sticker,,,,,,,,,,,
stun-sticker,sticker,,,,,,,,,,,
acid-stream-spitter-behemoth,stream,,,,,,,,,,,
acid-stream-spitter-big,stream,,,,,,,,,,,
acid-stream-spitter-medium,stream,,,,,,,,,,,
acid-stream-spitter-small,stream,,,,,,,,,,,
acid-stream-worm-behemoth,stream,,,,,,,,,,,
acid-stream-worm-big,stream,,,,,,,,,,,
acid-stream-worm-medium,stream,,,,,,,,,,,
acid-stream-worm-small,stream,,,,,,,,,,,
cryogun-stream,stream,,,,,,,,,,,
flamethrower-fire-stream,stream,,,,,,,,,,,
handheld-flamethrower-fire-stream,stream,,,,,,,,,,,
se-bloater-stream,stream,,,,,,,,,,,
tank-flamethrower-fire-stream,stream,,,,,,,,,,,
tile-ghost,tile-ghost,,,,,,,,,,,
dead-dry-hairy-tree,tree,,,,,,,,,,,
dead-grey-trunk,tree,,,,,,,,,,,
dead-tree-desert,tree,,,,,,,,,,,
dry-hairy-tree,tree,,,,,,,,,,,
dry-tree,tree,,,,,,,,,,,
tree-01,tree,,,,,,,,,,,
tree-02,tree,,,,,,,,,,,
tree-02-red,tree,,,,,,,,,,,
tree-03,tree,,,,,,,,,,,
tree-04,tree,,,,,,,,,,,
tree-05,tree,,,,,,,,,,,
tree-06,tree,,,,,,,,,,,
tree-06-brown,tree,,,,,,,,,,,
tree-07,tree,,,,,,,,,,,
tree-08,tree,,,,,,,,,,,
tree-08-brown,tree,,,,,,,,,,,
tree-08-red,tree,,,,,,,,,,,
tree-09,tree,,,,,,,,,,,
tree-09-brown,tree,,,,,,,,,,,
tree-09-red,tree,,,,,,,,,,,
tree-desert-a,tree,,,,,,,,,,,
tree-desert-b,tree,,,,,,,,,,,
tree-desert-c,tree,,,,,,,,,,,
tree-desert-d,tree,,,,,,,,,,,
tree-desert-e,tree,,,,,,,,,,,
tree-desert-f,tree,,,,,,,,,,,
tree-desert-g,tree,,,,,,,,,,,
tree-desert-h,tree,,,,,,,,,,,
tree-desert-i,tree,,,,,,,,,,,
tree-desert-j,tree,,,,,,,,,,,
tree-desert-k,tree,,,,,,,,,,,
tree-desert-l,tree,,,,,,,,,,,
tree-desert-m,tree,,,,,,,,,,,
tree-desert-n,tree,,,,,,,,,,,
tree-dryland-a,tree,,,,,,,,,,,
tree-dryland-b,tree,,,,,,,,,,,
tree-dryland-c,tree,,,,,,,,,,,
tree-dryland-d,tree,,,,,,,,,,,
tree-dryland-e,tree,,,,,,,,,,,
tree-dryland-f,tree,,,,,,,,,,,
tree-dryland-g,tree,,,,,,,,,,,
tree-dryland-h,tree,,,,,,,,,,,
tree-dryland-i,tree,,,,,,,,,,,
tree-dryland-j,tree,,,,,,,,,,,
tree-dryland-k,tree,,,,,,,,,,,
tree-dryland-l,tree,,,,,,,,,,,
tree-dryland-m,tree,,,,,,,,,,,
tree-dryland-n,tree,,,,,,,,,,,
tree-dryland-o,tree,,,,,,,,,,,
tree-grassland-a,tree,,,,,,,,,,,
tree-grassland-b,tree,,,,,,,,,,,
tree-grassland-c,tree,,,,,,,,,,,
tree-grassland-d,tree,,,,,,,,,,,
tree-grassland-e,tree,,,,,,,,,,,
tree-grassland-f,tree,,,,,,,,,,,
tree-grassland-g,tree,,,,,,,,,,,
tree-grassland-h,tree,,,,,,,,,,,
tree-grassland-h2,tree,,,,,,,,,,,
tree-grassland-h3,tree,,,,,,,,,,,
tree-grassland-i,tree,,,,,,,,,,,
tree-grassland-j,tree,,,,,,,,,,,
tree-grassland-k,tree,,,,,,,,,,,
tree-grassland-l,tree,,,,,,,,,,,
tree-grassland-m,tree,,,,,,,,,,,
tree-grassland-n,tree,,,,,,,,,,,
tree-grassland-o,tree,,,,,,,,,,,
tree-grassland-p,tree,,,,,,,,,,,
tree-grassland-q,tree,,,,,,,,,,,
tree-palm-a,tree,,,,,,,,,,,
tree-palm-b,tree,,,,,,,,,,,
tree-snow-a,tree,,,,,,,,,,,
tree-volcanic-a,tree,,,,,,,,,,,
tree-wetland-a,tree,,,,,,,,,,,
tree-wetland-b,tree,,,,,,,,,,,
tree-wetland-c,tree,,,,,,,,,,,
tree-wetland-d,tree,,,,,,,,,,,
tree-wetland-e,tree,,,,,,,,,,,
tree-wetland-f,tree,,,,,,,,,,,
tree-wetland-g,tree,,,,,,,,,,,
tree-wetland-h,tree,,,,,,,,,,,
tree-wetland-i,tree,,,,,,,,,,,
tree-wetland-j,tree,,,,,,,,,,,
tree-wetland-k,tree,,,,,,,,,,,
tree-wetland-l,tree,,,,,,,,,,,
tree-wetland-m,tree,,,,,,,,,,,
tree-wetland-n,tree,,,,,,,,,,,
tree-wetland-o,tree,,,,,,,,,,,
behemoth-worm-turret,turret,,,,,,,,,,,
big-worm-turret,turret,,,,,,,,,,,
medium-worm-turret,turret,,,,,,,,,,,
small-worm-turret,turret,,,,,,,,,,,
behemoth-biter,unit,,,,,,,,,,,
behemoth-spitter,unit,,,,,,,,,,,
big-biter,unit,,,,,,,,,,,
big-spitter,unit,,,,,,,,,,,
compilatron,unit,,,,,,,,,,,
medium-biter,unit,,,,,,,,,,,
medium-spitter,unit,,,,,,,,,,,
small-biter,unit,,,,,,,,,,,
small-spitter,unit,,,,,,,,,,,
